Service,Database,Table,Column,PostgreSQL Type,Nullable,Primary Key,Local FK,Unique,Default,Indexed,Notes
Customer & Party Service,customer_party_db,user_account,user_id,UUID,NO,YES,,YES,gen_random_uuid(),YES,
Customer & Party Service,customer_party_db,user_account,email,VARCHAR(255),NO,NO,,YES,,YES,
Customer & Party Service,customer_party_db,user_account,password_hash,VARCHAR(255),NO,NO,,NO,,NO,
Customer & Party Service,customer_party_db,user_account,role,JSONB,NO,NO,,NO,'[]'::jsonb,NO,
Customer & Party Service,customer_party_db,user_account,account_status,JSONB,NO,NO,,NO,'[]'::jsonb,YES,
Customer & Party Service,customer_party_db,user_account,display_name,VARCHAR(255),NO,NO,,NO,,NO,
Customer & Party Service,customer_party_db,user_account,last_login_at,TIMESTAMP,YES,NO,,NO,,NO,
Customer & Party Service,customer_party_db,user_account,created_at,TIMESTAMP,NO,NO,,NO,CURRENT_TIMESTAMP,NO,
Customer & Party Service,customer_party_db,user_account,updated_at,TIMESTAMP,NO,NO,,NO,CURRENT_TIMESTAMP,NO,
Customer & Party Service,customer_party_db,business_customer,customer_id,UUID,NO,YES,,YES,gen_random_uuid(),YES,
Customer & Party Service,customer_party_db,business_customer,user_id,UUID,NO,NO,user_account(user_id),NO,,YES,Local FK
Customer & Party Service,customer_party_db,business_customer,business_name,VARCHAR(255),NO,NO,,NO,,NO,
Customer & Party Service,customer_party_db,business_customer,owner_name,VARCHAR(255),NO,NO,,NO,,NO,
Customer & Party Service,customer_party_db,business_customer,business_type,VARCHAR(255),NO,NO,,NO,,NO,
Customer & Party Service,customer_party_db,business_customer,phone,VARCHAR(255),NO,NO,,NO,,NO,
Customer & Party Service,customer_party_db,business_customer,address,VARCHAR(255),NO,NO,,NO,,NO,
Customer & Party Service,customer_party_db,business_customer,city,VARCHAR(255),NO,NO,,NO,,NO,
Customer & Party Service,customer_party_db,business_customer,state,VARCHAR(255),NO,NO,,NO,,NO,
Customer & Party Service,customer_party_db,business_customer,country,VARCHAR(255),NO,NO,,NO,,NO,
Customer & Party Service,customer_party_db,business_customer,postal_code,VARCHAR(255),NO,NO,,NO,,NO,
Customer & Party Service,customer_party_db,business_customer,created_at,TIMESTAMP,NO,NO,,NO,CURRENT_TIMESTAMP,NO,
Customer & Party Service,customer_party_db,business_customer,updated_at,TIMESTAMP,NO,NO,,NO,CURRENT_TIMESTAMP,NO,
Quote & Policy Service,quote_policy_db,quote,quote_id,UUID,YES,YES,,YES,gen_random_uuid(),YES,
Quote & Policy Service,quote_policy_db,quote,quote_number,VARCHAR(255),NO,NO,,YES,,YES,
Quote & Policy Service,quote_policy_db,quote,customer_id,UUID,NO,NO,,NO,,YES,External service ID; no cross-service FK
Quote & Policy Service,quote_policy_db,quote,product_code,VARCHAR(255),NO,NO,,NO,,NO,
Quote & Policy Service,quote_policy_db,quote,status,JSONB,NO,NO,,NO,'[]'::jsonb,YES,
Quote & Policy Service,quote_policy_db,quote,effective_date,DATE,NO,NO,,NO,,NO,
Quote & Policy Service,quote_policy_db,quote,expiration_date,DATE,NO,NO,,NO,,NO,
Quote & Policy Service,quote_policy_db,quote,coverage_types,JSONB,NO,NO,,NO,'[]'::jsonb,NO,
Quote & Policy Service,quote_policy_db,quote,coverage_limit,"NUMERIC(15,2)",NO,NO,,NO,,NO,
Quote & Policy Service,quote_policy_db,quote,deductible,"NUMERIC(15,2)",NO,NO,,NO,0,NO,
Quote & Policy Service,quote_policy_db,quote,premium,"NUMERIC(15,2)",YES,NO,,NO,,NO,
Quote & Policy Service,quote_policy_db,quote,risk_assessment_id,UUID,YES,NO,,NO,,YES,External service ID; no cross-service FK
Quote & Policy Service,quote_policy_db,quote,created_at,TIMESTAMP,NO,NO,,NO,CURRENT_TIMESTAMP,NO,
Quote & Policy Service,quote_policy_db,quote,updated_at,TIMESTAMP,NO,NO,,NO,CURRENT_TIMESTAMP,NO,
Quote & Policy Service,quote_policy_db,policy,policy_id,UUID,YES,YES,,YES,gen_random_uuid(),YES,
Quote & Policy Service,quote_policy_db,policy,policy_number,VARCHAR(255),NO,NO,,YES,,YES,
Quote & Policy Service,quote_policy_db,policy,customer_id,UUID,NO,NO,,NO,,YES,External service ID; no cross-service FK
Quote & Policy Service,quote_policy_db,policy,quote_id,UUID,YES,NO,,NO,,YES,External service ID; no cross-service FK
Quote & Policy Service,quote_policy_db,policy,product_code,VARCHAR(255),NO,NO,,NO,,NO,
Quote & Policy Service,quote_policy_db,policy,status,JSONB,NO,NO,,NO,'[]'::jsonb,YES,
Quote & Policy Service,quote_policy_db,policy,start_date,DATE,NO,NO,,NO,,NO,
Quote & Policy Service,quote_policy_db,policy,end_date,DATE,NO,NO,,NO,,NO,
Quote & Policy Service,quote_policy_db,policy,coverage_types,JSONB,NO,NO,,NO,'[]'::jsonb,NO,
Quote & Policy Service,quote_policy_db,policy,coverage_limit,"NUMERIC(15,2)",NO,NO,,NO,,NO,
Quote & Policy Service,quote_policy_db,policy,deductible,"NUMERIC(15,2)",NO,NO,,NO,0,NO,
Quote & Policy Service,quote_policy_db,policy,premium,"NUMERIC(15,2)",YES,NO,,NO,,NO,
Quote & Policy Service,quote_policy_db,policy,version,INTEGER,NO,NO,,NO,1,NO,
Quote & Policy Service,quote_policy_db,policy,created_at,TIMESTAMP,NO,NO,,NO,CURRENT_TIMESTAMP,NO,
Quote & Policy Service,quote_policy_db,policy,updated_at,TIMESTAMP,NO,NO,,NO,CURRENT_TIMESTAMP,NO,
Quote & Policy Service,quote_policy_db,endorsement,endorsement_id,UUID,NO,YES,,YES,gen_random_uuid(),YES,
Quote & Policy Service,quote_policy_db,endorsement,policy_id,UUID,NO,NO,policy(policy_id),NO,,YES,Local FK
Quote & Policy Service,quote_policy_db,endorsement,endorsement_number,VARCHAR(255),NO,NO,,NO,,NO,
Quote & Policy Service,quote_policy_db,endorsement,endorsement_type,VARCHAR(255),NO,NO,,NO,,NO,
Quote & Policy Service,quote_policy_db,endorsement,status,JSONB,NO,NO,,NO,'[]'::jsonb,YES,
Quote & Policy Service,quote_policy_db,endorsement,effective_date,DATE,NO,NO,,NO,,NO,
Quote & Policy Service,quote_policy_db,endorsement,requested_changes,VARCHAR(255),NO,NO,,NO,,NO,
Quote & Policy Service,quote_policy_db,endorsement,supporting_document_ids,JSONB,NO,NO,,NO,'[]'::jsonb,NO,
Quote & Policy Service,quote_policy_db,endorsement,approved_at,TIMESTAMP,NO,NO,,NO,,NO,
Quote & Policy Service,quote_policy_db,endorsement,created_at,TIMESTAMP,NO,NO,,NO,CURRENT_TIMESTAMP,NO,
Quote & Policy Service,quote_policy_db,renewal_transaction,renewal_id,UUID,NO,YES,,YES,gen_random_uuid(),YES,
Quote & Policy Service,quote_policy_db,renewal_transaction,policy_id,UUID,YES,NO,policy(policy_id),NO,,YES,Local FK
Quote & Policy Service,quote_policy_db,renewal_transaction,renewal_status,JSONB,NO,NO,,NO,'[]'::jsonb,NO,
Quote & Policy Service,quote_policy_db,renewal_transaction,renewal_effective_date,DATE,NO,NO,,NO,,NO,
Quote & Policy Service,quote_policy_db,renewal_transaction,proposed_premium,"NUMERIC(15,2)",YES,NO,,NO,,NO,
Quote & Policy Service,quote_policy_db,renewal_transaction,decision_note,VARCHAR(255),YES,NO,,NO,,NO,
Quote & Policy Service,quote_policy_db,renewal_transaction,created_at,TIMESTAMP,NO,NO,,NO,CURRENT_TIMESTAMP,NO,
Quote & Policy Service,quote_policy_db,renewal_transaction,updated_at,TIMESTAMP,NO,NO,,NO,CURRENT_TIMESTAMP,NO,
Risk & Underwriting Service,risk_underwriting_db,risk_assessment,assessment_id,UUID,NO,YES,,YES,gen_random_uuid(),YES,
Risk & Underwriting Service,risk_underwriting_db,risk_assessment,quote_id,UUID,YES,NO,,NO,,YES,External service ID; no cross-service FK
Risk & Underwriting Service,risk_underwriting_db,risk_assessment,policy_id,UUID,YES,NO,,NO,,YES,External service ID; no cross-service FK
Risk & Underwriting Service,risk_underwriting_db,risk_assessment,customer_id,UUID,NO,NO,,NO,,YES,External service ID; no cross-service FK
Risk & Underwriting Service,risk_underwriting_db,risk_assessment,assessment_type,VARCHAR(255),NO,NO,,NO,,NO,
Risk & Underwriting Service,risk_underwriting_db,risk_assessment,status,JSONB,NO,NO,,NO,'[]'::jsonb,YES,
Risk & Underwriting Service,risk_underwriting_db,risk_assessment,assessment_date,DATE,NO,NO,,NO,,NO,
Risk & Underwriting Service,risk_underwriting_db,risk_assessment,location,VARCHAR(255),NO,NO,,NO,,NO,
Risk & Underwriting Service,risk_underwriting_db,risk_assessment,business_operations,VARCHAR(255),NO,NO,,NO,,NO,
Risk & Underwriting Service,risk_underwriting_db,risk_assessment,risk_score,"NUMERIC(15,2)",NO,NO,,NO,,NO,
Risk & Underwriting Service,risk_underwriting_db,risk_assessment,summary,VARCHAR(255),YES,NO,,NO,,NO,
Risk & Underwriting Service,risk_underwriting_db,risk_assessment,created_by,UUID,NO,NO,,NO,,NO,
Risk & Underwriting Service,risk_underwriting_db,risk_assessment,created_at,TIMESTAMP,NO,NO,,NO,CURRENT_TIMESTAMP,NO,
Risk & Underwriting Service,risk_underwriting_db,risk_assessment,updated_at,TIMESTAMP,NO,NO,,NO,CURRENT_TIMESTAMP,NO,
Risk & Underwriting Service,risk_underwriting_db,risk_finding,finding_id,UUID,NO,YES,,YES,gen_random_uuid(),YES,
Risk & Underwriting Service,risk_underwriting_db,risk_finding,assessment_id,UUID,NO,NO,risk_assessment(assessment_id),NO,,YES,Local FK
Risk & Underwriting Service,risk_underwriting_db,risk_finding,finding_type,VARCHAR(255),NO,NO,,NO,,NO,
Risk & Underwriting Service,risk_underwriting_db,risk_finding,description,VARCHAR(255),NO,NO,,NO,,NO,
Risk & Underwriting Service,risk_underwriting_db,risk_finding,severity,VARCHAR(255),NO,NO,,NO,,NO,
Risk & Underwriting Service,risk_underwriting_db,risk_finding,evidence_document_ids,JSONB,NO,NO,,NO,'[]'::jsonb,NO,
Risk & Underwriting Service,risk_underwriting_db,risk_finding,created_at,TIMESTAMP,NO,NO,,NO,CURRENT_TIMESTAMP,NO,
Risk & Underwriting Service,risk_underwriting_db,risk_recommendation,recommendation_id,UUID,NO,YES,,YES,gen_random_uuid(),YES,
Risk & Underwriting Service,risk_underwriting_db,risk_recommendation,assessment_id,UUID,NO,NO,risk_assessment(assessment_id),NO,,YES,Local FK
Risk & Underwriting Service,risk_underwriting_db,risk_recommendation,recommendation_type,VARCHAR(255),NO,NO,,NO,,NO,
Risk & Underwriting Service,risk_underwriting_db,risk_recommendation,description,VARCHAR(255),NO,NO,,NO,,NO,
Risk & Underwriting Service,risk_underwriting_db,risk_recommendation,priority,VARCHAR(255),NO,NO,,NO,,NO,
Risk & Underwriting Service,risk_underwriting_db,risk_recommendation,status,JSONB,NO,NO,,NO,'[]'::jsonb,YES,
Risk & Underwriting Service,risk_underwriting_db,risk_recommendation,target_date,DATE,YES,NO,,NO,,NO,
Risk & Underwriting Service,risk_underwriting_db,risk_recommendation,verified_at,TIMESTAMP,YES,NO,,NO,,NO,
Risk & Underwriting Service,risk_underwriting_db,risk_recommendation,created_at,TIMESTAMP,NO,NO,,NO,CURRENT_TIMESTAMP,NO,
Risk & Underwriting Service,risk_underwriting_db,risk_rule,rule_id,UUID,NO,YES,,YES,gen_random_uuid(),YES,
Risk & Underwriting Service,risk_underwriting_db,risk_rule,rule_code,VARCHAR(255),NO,NO,,YES,,YES,
Risk & Underwriting Service,risk_underwriting_db,risk_rule,name,VARCHAR(255),NO,NO,,NO,,NO,
Risk & Underwriting Service,risk_underwriting_db,risk_rule,description,VARCHAR(255),NO,NO,,NO,,NO,
Risk & Underwriting Service,risk_underwriting_db,risk_rule,condition_expression,VARCHAR(255),NO,NO,,NO,,NO,
Risk & Underwriting Service,risk_underwriting_db,risk_rule,action_type,VARCHAR(255),NO,NO,,NO,,NO,
Risk & Underwriting Service,risk_underwriting_db,risk_rule,priority,INTEGER,NO,NO,,NO,,NO,
Risk & Underwriting Service,risk_underwriting_db,risk_rule,status,JSONB,NO,NO,,NO,'[]'::jsonb,YES,
Risk & Underwriting Service,risk_underwriting_db,risk_rule,effective_from,DATE,NO,NO,,NO,,NO,
Risk & Underwriting Service,risk_underwriting_db,risk_rule,effective_to,DATE,YES,NO,,NO,,NO,
Risk & Underwriting Service,risk_underwriting_db,risk_rule,version,INTEGER,NO,NO,,NO,1,NO,
Risk & Underwriting Service,risk_underwriting_db,risk_rule,created_at,TIMESTAMP,NO,NO,,NO,CURRENT_TIMESTAMP,NO,
Risk & Underwriting Service,risk_underwriting_db,risk_rule,updated_at,TIMESTAMP,NO,NO,,NO,CURRENT_TIMESTAMP,NO,
Claims Service,claims_db,claim,claim_id,UUID,NO,YES,,YES,gen_random_uuid(),YES,
Claims Service,claims_db,claim,claim_number,VARCHAR(255),NO,NO,,YES,,YES,
Claims Service,claims_db,claim,policy_id,UUID,YES,NO,,NO,,YES,External service ID; no cross-service FK
Claims Service,claims_db,claim,customer_id,UUID,NO,NO,,NO,,YES,External service ID; no cross-service FK
Claims Service,claims_db,claim,status,JSONB,NO,NO,,NO,'[]'::jsonb,YES,
Claims Service,claims_db,claim,loss_type,VARCHAR(255),NO,NO,,NO,,NO,
Claims Service,claims_db,claim,loss_date,TIMESTAMP,NO,NO,,NO,,NO,
Claims Service,claims_db,claim,reported_at,TIMESTAMP,NO,NO,,NO,CURRENT_TIMESTAMP,NO,
Claims Service,claims_db,claim,loss_location,VARCHAR(255),NO,NO,,NO,,NO,
Claims Service,claims_db,claim,description,VARCHAR(255),NO,NO,,NO,,NO,
Claims Service,claims_db,claim,assigned_adjuster_id,UUID,YES,NO,,NO,,YES,External service ID; no cross-service FK
Claims Service,claims_db,claim,priority,VARCHAR(255),NO,NO,,NO,,NO,
Claims Service,claims_db,claim,estimated_loss_amount,"NUMERIC(15,2)",NO,NO,,NO,0,NO,
Claims Service,claims_db,claim,approved_amount,"NUMERIC(15,2)",YES,NO,,NO,,NO,
Claims Service,claims_db,claim,created_at,TIMESTAMP,NO,NO,,NO,CURRENT_TIMESTAMP,NO,
Claims Service,claims_db,claim,updated_at,TIMESTAMP,NO,NO,,NO,CURRENT_TIMESTAMP,NO,
Claims Service,claims_db,claim_assessment,assessment_id,UUID,NO,YES,,YES,gen_random_uuid(),YES,
Claims Service,claims_db,claim_assessment,claim_id,UUID,NO,NO,claim(claim_id),NO,,YES,Local FK
Claims Service,claims_db,claim_assessment,assessment_type,VARCHAR(255),NO,NO,,NO,,NO,
Claims Service,claims_db,claim_assessment,damage_description,VARCHAR(255),NO,NO,,NO,,NO,
Claims Service,claims_db,claim_assessment,assessed_loss_amount,"NUMERIC(15,2)",NO,NO,,NO,,NO,
Claims Service,claims_db,claim_assessment,covered_loss_amount,"NUMERIC(15,2)",NO,NO,,NO,,NO,
Claims Service,claims_db,claim_assessment,liability_finding,VARCHAR(255),YES,NO,,NO,,NO,
Claims Service,claims_db,claim_assessment,assessor_id,UUID,NO,NO,,NO,,YES,External service ID; no cross-service FK
Claims Service,claims_db,claim_assessment,assessed_at,TIMESTAMP,NO,NO,,NO,CURRENT_TIMESTAMP,NO,
Claims Service,claims_db,claim_assessment,assessment_document_ids,JSONB,NO,NO,,NO,'[]'::jsonb,NO,
Claims Service,claims_db,payout_calculation,calculation_id,UUID,NO,YES,,YES,gen_random_uuid(),YES,
Claims Service,claims_db,payout_calculation,claim_id,UUID,NO,NO,claim(claim_id),NO,,YES,Local FK
Claims Service,claims_db,payout_calculation,assessment_id,UUID,NO,NO,claim_assessment(assessment_id),NO,,YES,Local FK
Claims Service,claims_db,payout_calculation,covered_loss_amount,"NUMERIC(15,2)",NO,NO,,NO,,NO,
Claims Service,claims_db,payout_calculation,deductible,"NUMERIC(15,2)",NO,NO,,NO,0,NO,
Claims Service,claims_db,payout_calculation,adjustments,"NUMERIC(15,2)",NO,NO,,NO,0,NO,
Claims Service,claims_db,payout_calculation,calculated_payout,"NUMERIC(15,2)",NO,NO,,NO,,NO,
Claims Service,claims_db,payout_calculation,calculation_version,VARCHAR(255),NO,NO,,NO,,NO,
Claims Service,claims_db,payout_calculation,calculated_by,UUID,NO,NO,,NO,,NO,
Claims Service,claims_db,payout_calculation,calculated_at,TIMESTAMP,NO,NO,,NO,CURRENT_TIMESTAMP,NO,
Claims Service,claims_db,claim_settlement,settlement_id,UUID,NO,YES,,YES,gen_random_uuid(),YES,
Claims Service,claims_db,claim_settlement,claim_id,UUID,NO,NO,claim(claim_id),NO,,YES,Local FK
Claims Service,claims_db,claim_settlement,approved_amount,"NUMERIC(15,2)",YES,NO,,NO,,NO,
Claims Service,claims_db,claim_settlement,approval_note,VARCHAR(255),NO,NO,,NO,,NO,
Claims Service,claims_db,claim_settlement,status,JSONB,NO,NO,,NO,'[]'::jsonb,YES,
Claims Service,claims_db,claim_settlement,approved_by,UUID,NO,NO,,NO,,NO,
Claims Service,claims_db,claim_settlement,approved_at,TIMESTAMP,NO,NO,,NO,,NO,
Claims Service,claims_db,business_impact,business_impact_id,UUID,NO,YES,,YES,gen_random_uuid(),YES,
Claims Service,claims_db,business_impact,claim_id,UUID,NO,NO,claim(claim_id),NO,,YES,Local FK
Claims Service,claims_db,business_impact,affected_operations,VARCHAR(255),NO,NO,,NO,,NO,
Claims Service,claims_db,business_impact,estimated_downtime_days,INTEGER,NO,NO,,NO,,NO,
Claims Service,claims_db,business_impact,affected_revenue_per_day,"NUMERIC(15,2)",NO,NO,,NO,0,NO,
Claims Service,claims_db,business_impact,estimated_revenue_exposure,"NUMERIC(15,2)",NO,NO,,NO,0,NO,
Claims Service,claims_db,business_impact,critical_dependencies,JSONB,NO,NO,,NO,'[]'::jsonb,NO,
Claims Service,claims_db,business_impact,immediate_continuity_needs,JSONB,NO,NO,,NO,'[]'::jsonb,NO,
Claims Service,claims_db,business_impact,created_at,TIMESTAMP,NO,NO,,NO,CURRENT_TIMESTAMP,NO,
Claims Service,claims_db,business_impact,updated_at,TIMESTAMP,NO,NO,,NO,CURRENT_TIMESTAMP,NO,
Claims Service,claims_db,claim_timeline_event,timeline_event_id,UUID,NO,YES,,YES,gen_random_uuid(),YES,
Claims Service,claims_db,claim_timeline_event,claim_id,UUID,NO,NO,claim(claim_id),NO,,YES,Local FK
Claims Service,claims_db,claim_timeline_event,event_type,VARCHAR(255),NO,NO,,NO,,NO,
Claims Service,claims_db,claim_timeline_event,status,VARCHAR(255),NO,NO,,NO,,YES,
Claims Service,claims_db,claim_timeline_event,actor_id,UUID,NO,NO,,NO,,YES,External service ID; no cross-service FK
Claims Service,claims_db,claim_timeline_event,note,VARCHAR(255),NO,NO,,NO,,NO,
Claims Service,claims_db,claim_timeline_event,created_at,TIMESTAMP,NO,NO,,NO,CURRENT_TIMESTAMP,NO,
Vendor & Partner Service,vendor_partner_db,vendor,vendor_id,UUID,NO,YES,,YES,gen_random_uuid(),YES,
Vendor & Partner Service,vendor_partner_db,vendor,legal_name,VARCHAR(255),NO,NO,,NO,,NO,
Vendor & Partner Service,vendor_partner_db,vendor,display_name,VARCHAR(255),NO,NO,,NO,,NO,
Vendor & Partner Service,vendor_partner_db,vendor,vendor_type,VARCHAR(255),NO,NO,,NO,,NO,
Vendor & Partner Service,vendor_partner_db,vendor,service_types,JSONB,NO,NO,,NO,'[]'::jsonb,NO,
Vendor & Partner Service,vendor_partner_db,vendor,capabilities,JSONB,NO,NO,,NO,'[]'::jsonb,NO,
Vendor & Partner Service,vendor_partner_db,vendor,service_areas,JSONB,NO,NO,,NO,'[]'::jsonb,NO,
Vendor & Partner Service,vendor_partner_db,vendor,contact_name,VARCHAR(255),NO,NO,,NO,,NO,
Vendor & Partner Service,vendor_partner_db,vendor,contact_phone,VARCHAR(255),NO,NO,,NO,,NO,
Vendor & Partner Service,vendor_partner_db,vendor,contact_email,VARCHAR(255),NO,NO,,NO,,NO,
Vendor & Partner Service,vendor_partner_db,vendor,verification_status,JSONB,NO,NO,,NO,'[]'::jsonb,NO,
Vendor & Partner Service,vendor_partner_db,vendor,active_status,JSONB,NO,NO,,NO,'[]'::jsonb,NO,
Vendor & Partner Service,vendor_partner_db,vendor,created_at,TIMESTAMP,NO,NO,,NO,CURRENT_TIMESTAMP,NO,
Vendor & Partner Service,vendor_partner_db,vendor,updated_at,TIMESTAMP,NO,NO,,NO,CURRENT_TIMESTAMP,NO,
Vendor & Partner Service,vendor_partner_db,vendor_onboarding_request,onboarding_request_id,UUID,NO,YES,,YES,gen_random_uuid(),YES,
Vendor & Partner Service,vendor_partner_db,vendor_onboarding_request,vendor_id,UUID,NO,NO,vendor(vendor_id),NO,,YES,Local FK
Vendor & Partner Service,vendor_partner_db,vendor_onboarding_request,status,JSONB,NO,NO,,NO,'[]'::jsonb,YES,
Vendor & Partner Service,vendor_partner_db,vendor_onboarding_request,submitted_at,TIMESTAMP,NO,NO,,NO,CURRENT_TIMESTAMP,NO,
Vendor & Partner Service,vendor_partner_db,vendor_onboarding_request,reviewed_at,TIMESTAMP,YES,NO,,NO,,NO,
Vendor & Partner Service,vendor_partner_db,vendor_onboarding_request,reviewer_id,UUID,YES,NO,,NO,,YES,External service ID; no cross-service FK
Vendor & Partner Service,vendor_partner_db,vendor_onboarding_request,rejection_reason,VARCHAR(255),YES,NO,,NO,,NO,
Vendor & Partner Service,vendor_partner_db,vendor_assignment,assignment_id,UUID,NO,YES,,YES,gen_random_uuid(),YES,
Vendor & Partner Service,vendor_partner_db,vendor_assignment,vendor_id,UUID,NO,NO,vendor(vendor_id),NO,,YES,Local FK
Vendor & Partner Service,vendor_partner_db,vendor_assignment,assignment_type,VARCHAR(255),NO,NO,,NO,,NO,
Vendor & Partner Service,vendor_partner_db,vendor_assignment,claim_id,UUID,NO,NO,,NO,,YES,External service ID; no cross-service FK
Vendor & Partner Service,vendor_partner_db,vendor_assignment,recovery_case_id,UUID,NO,NO,,NO,,YES,External service ID; no cross-service FK
Vendor & Partner Service,vendor_partner_db,vendor_assignment,status,JSONB,NO,NO,,NO,'[]'::jsonb,YES,
Vendor & Partner Service,vendor_partner_db,vendor_assignment,task_description,VARCHAR(255),NO,NO,,NO,,NO,
Vendor & Partner Service,vendor_partner_db,vendor_assignment,due_date,DATE,NO,NO,,NO,,NO,
Vendor & Partner Service,vendor_partner_db,vendor_assignment,priority,VARCHAR(255),NO,NO,,NO,,NO,
Vendor & Partner Service,vendor_partner_db,vendor_assignment,accepted_at,TIMESTAMP,YES,NO,,NO,,NO,
Vendor & Partner Service,vendor_partner_db,vendor_assignment,completed_at,TIMESTAMP,YES,NO,,NO,,NO,
Vendor & Partner Service,vendor_partner_db,vendor_assignment,created_at,TIMESTAMP,NO,NO,,NO,CURRENT_TIMESTAMP,NO,
Vendor & Partner Service,vendor_partner_db,vendor_assignment,updated_at,TIMESTAMP,NO,NO,,NO,CURRENT_TIMESTAMP,NO,
Vendor & Partner Service,vendor_partner_db,vendor_performance,performance_id,UUID,NO,YES,,YES,gen_random_uuid(),YES,
Vendor & Partner Service,vendor_partner_db,vendor_performance,vendor_id,UUID,NO,NO,vendor(vendor_id),NO,,YES,Local FK
Vendor & Partner Service,vendor_partner_db,vendor_performance,assignment_id,UUID,NO,NO,vendor_assignment(assignment_id),NO,,YES,Local FK
Vendor & Partner Service,vendor_partner_db,vendor_performance,quality_score,"NUMERIC(15,2)",NO,NO,,NO,,NO,
Vendor & Partner Service,vendor_partner_db,vendor_performance,timeliness_score,"NUMERIC(15,2)",NO,NO,,NO,,NO,
Vendor & Partner Service,vendor_partner_db,vendor_performance,communication_score,"NUMERIC(15,2)",NO,NO,,NO,,NO,
Vendor & Partner Service,vendor_partner_db,vendor_performance,outcome_score,"NUMERIC(15,2)",NO,NO,,NO,,NO,
Vendor & Partner Service,vendor_partner_db,vendor_performance,overall_score,"NUMERIC(15,2)",NO,NO,,NO,,NO,
Vendor & Partner Service,vendor_partner_db,vendor_performance,note,VARCHAR(255),NO,NO,,NO,,NO,
Vendor & Partner Service,vendor_partner_db,vendor_performance,recorded_at,TIMESTAMP,NO,NO,,NO,CURRENT_TIMESTAMP,NO,
Recovery & Business Continuity Service,recovery_continuity_db,recovery_case,recovery_case_id,UUID,NO,YES,,YES,gen_random_uuid(),YES,
Recovery & Business Continuity Service,recovery_continuity_db,recovery_case,claim_id,UUID,NO,NO,,NO,,YES,External service ID; no cross-service FK
Recovery & Business Continuity Service,recovery_continuity_db,recovery_case,customer_id,UUID,NO,NO,,NO,,YES,External service ID; no cross-service FK
Recovery & Business Continuity Service,recovery_continuity_db,recovery_case,severity,VARCHAR(255),NO,NO,,NO,,NO,
Recovery & Business Continuity Service,recovery_continuity_db,recovery_case,status,JSONB,NO,NO,,NO,'[]'::jsonb,YES,
Recovery & Business Continuity Service,recovery_continuity_db,recovery_case,recovery_objective,VARCHAR(255),NO,NO,,NO,,NO,
Recovery & Business Continuity Service,recovery_continuity_db,recovery_case,target_restore_date,DATE,NO,NO,,NO,,NO,
Recovery & Business Continuity Service,recovery_continuity_db,recovery_case,current_restore_percent,"NUMERIC(15,2)",NO,NO,,NO,,NO,
Recovery & Business Continuity Service,recovery_continuity_db,recovery_case,owner_id,UUID,YES,NO,,NO,,YES,External service ID; no cross-service FK
Recovery & Business Continuity Service,recovery_continuity_db,recovery_case,created_at,TIMESTAMP,NO,NO,,NO,CURRENT_TIMESTAMP,NO,
Recovery & Business Continuity Service,recovery_continuity_db,recovery_case,updated_at,TIMESTAMP,NO,NO,,NO,CURRENT_TIMESTAMP,NO,
Recovery & Business Continuity Service,recovery_continuity_db,recovery_plan,recovery_plan_id,UUID,NO,YES,,YES,gen_random_uuid(),YES,
Recovery & Business Continuity Service,recovery_continuity_db,recovery_plan,recovery_case_id,UUID,NO,NO,recovery_case(recovery_case_id),NO,,YES,Local FK
Recovery & Business Continuity Service,recovery_continuity_db,recovery_plan,plan_summary,VARCHAR(255),NO,NO,,NO,,NO,
Recovery & Business Continuity Service,recovery_continuity_db,recovery_plan,priority_actions,JSONB,NO,NO,,NO,'[]'::jsonb,NO,
Recovery & Business Continuity Service,recovery_continuity_db,recovery_plan,vendor_assignment_ids,JSONB,NO,NO,,NO,'[]'::jsonb,NO,
Recovery & Business Continuity Service,recovery_continuity_db,recovery_plan,temporary_resource_needs,JSONB,NO,NO,,NO,'[]'::jsonb,NO,
Recovery & Business Continuity Service,recovery_continuity_db,recovery_plan,target_milestones,VARCHAR(255),NO,NO,,NO,,NO,
Recovery & Business Continuity Service,recovery_continuity_db,recovery_plan,status,JSONB,NO,NO,,NO,'[]'::jsonb,YES,
Recovery & Business Continuity Service,recovery_continuity_db,recovery_plan,created_at,TIMESTAMP,NO,NO,,NO,CURRENT_TIMESTAMP,NO,
Recovery & Business Continuity Service,recovery_continuity_db,recovery_plan,updated_at,TIMESTAMP,NO,NO,,NO,CURRENT_TIMESTAMP,NO,
Recovery & Business Continuity Service,recovery_continuity_db,recovery_support_request,support_request_id,UUID,NO,YES,,YES,gen_random_uuid(),YES,
Recovery & Business Continuity Service,recovery_continuity_db,recovery_support_request,recovery_case_id,UUID,NO,NO,recovery_case(recovery_case_id),NO,,YES,Local FK
Recovery & Business Continuity Service,recovery_continuity_db,recovery_support_request,support_type,VARCHAR(255),NO,NO,,NO,,NO,
Recovery & Business Continuity Service,recovery_continuity_db,recovery_support_request,description,VARCHAR(255),NO,NO,,NO,,NO,
Recovery & Business Continuity Service,recovery_continuity_db,recovery_support_request,priority,VARCHAR(255),NO,NO,,NO,,NO,
Recovery & Business Continuity Service,recovery_continuity_db,recovery_support_request,status,JSONB,NO,NO,,NO,'[]'::jsonb,YES,
Recovery & Business Continuity Service,recovery_continuity_db,recovery_support_request,required_by_date,DATE,YES,NO,,NO,,NO,
Recovery & Business Continuity Service,recovery_continuity_db,recovery_support_request,location,VARCHAR(255),NO,NO,,NO,,NO,
Recovery & Business Continuity Service,recovery_continuity_db,recovery_support_request,vendor_assignment_id,UUID,YES,NO,,NO,,YES,External service ID; no cross-service FK
Recovery & Business Continuity Service,recovery_continuity_db,recovery_support_request,created_at,TIMESTAMP,NO,NO,,NO,CURRENT_TIMESTAMP,NO,
Recovery & Business Continuity Service,recovery_continuity_db,recovery_support_request,updated_at,TIMESTAMP,NO,NO,,NO,CURRENT_TIMESTAMP,NO,
Workflow & Notification Service,workflow_notification_db,workflow,workflow_id,UUID,NO,YES,,YES,gen_random_uuid(),YES,
Workflow & Notification Service,workflow_notification_db,workflow,workflow_type,VARCHAR(255),NO,NO,,NO,,NO,
Workflow & Notification Service,workflow_notification_db,workflow,reference_type,VARCHAR(255),YES,NO,,NO,,NO,
Workflow & Notification Service,workflow_notification_db,workflow,reference_id,UUID,YES,NO,,NO,,YES,External service ID; no cross-service FK
Workflow & Notification Service,workflow_notification_db,workflow,status,JSONB,NO,NO,,NO,'[]'::jsonb,YES,
Workflow & Notification Service,workflow_notification_db,workflow,current_step,VARCHAR(255),NO,NO,,NO,,NO,
Workflow & Notification Service,workflow_notification_db,workflow,initiated_by,VARCHAR(255),NO,NO,,NO,,NO,
Workflow & Notification Service,workflow_notification_db,workflow,started_at,TIMESTAMP,NO,NO,,NO,,NO,
Workflow & Notification Service,workflow_notification_db,workflow,completed_at,TIMESTAMP,YES,NO,,NO,,NO,
Workflow & Notification Service,workflow_notification_db,workflow,created_at,TIMESTAMP,NO,NO,,NO,CURRENT_TIMESTAMP,NO,
Workflow & Notification Service,workflow_notification_db,workflow_task,task_id,UUID,NO,YES,,YES,gen_random_uuid(),YES,
Workflow & Notification Service,workflow_notification_db,workflow_task,workflow_id,UUID,NO,NO,workflow(workflow_id),NO,,YES,Local FK
Workflow & Notification Service,workflow_notification_db,workflow_task,task_type,VARCHAR(255),NO,NO,,NO,,NO,
Workflow & Notification Service,workflow_notification_db,workflow_task,assignee_user_id,UUID,NO,NO,,NO,,YES,External service ID; no cross-service FK
Workflow & Notification Service,workflow_notification_db,workflow_task,status,JSONB,NO,NO,,NO,'[]'::jsonb,YES,
Workflow & Notification Service,workflow_notification_db,workflow_task,due_at,TIMESTAMP,YES,NO,,NO,,NO,
Workflow & Notification Service,workflow_notification_db,workflow_task,outcome,VARCHAR(255),YES,NO,,NO,,NO,
Workflow & Notification Service,workflow_notification_db,workflow_task,completion_note,VARCHAR(255),YES,NO,,NO,,NO,
Workflow & Notification Service,workflow_notification_db,workflow_task,completed_at,TIMESTAMP,YES,NO,,NO,,NO,
Workflow & Notification Service,workflow_notification_db,notification,notification_id,UUID,NO,YES,,YES,gen_random_uuid(),YES,
Workflow & Notification Service,workflow_notification_db,notification,user_id,UUID,NO,NO,,NO,,YES,External service ID; no cross-service FK
Workflow & Notification Service,workflow_notification_db,notification,type,VARCHAR(255),NO,NO,,NO,,NO,
Workflow & Notification Service,workflow_notification_db,notification,title,VARCHAR(255),NO,NO,,NO,,NO,
Workflow & Notification Service,workflow_notification_db,notification,message,VARCHAR(255),NO,NO,,NO,,NO,
Workflow & Notification Service,workflow_notification_db,notification,reference_type,VARCHAR(255),YES,NO,,NO,,NO,
Workflow & Notification Service,workflow_notification_db,notification,reference_id,UUID,YES,NO,,NO,,YES,External service ID; no cross-service FK
Workflow & Notification Service,workflow_notification_db,notification,read,BOOLEAN,NO,NO,,NO,FALSE,NO,
Workflow & Notification Service,workflow_notification_db,notification,created_at,TIMESTAMP,NO,NO,,NO,CURRENT_TIMESTAMP,NO,
Document & Audit Service,document_audit_db,document,document_id,UUID,NO,YES,,YES,gen_random_uuid(),YES,
Document & Audit Service,document_audit_db,document,entity_type,VARCHAR(255),NO,NO,,NO,,NO,
Document & Audit Service,document_audit_db,document,entity_id,UUID,NO,NO,,NO,,YES,External service ID; no cross-service FK
Document & Audit Service,document_audit_db,document,document_type,VARCHAR(255),NO,NO,,NO,,NO,
Document & Audit Service,document_audit_db,document,file_name,VARCHAR(255),NO,NO,,NO,,NO,
Document & Audit Service,document_audit_db,document,content_type,VARCHAR(255),NO,NO,,NO,,NO,
Document & Audit Service,document_audit_db,document,storage_key,VARCHAR(255),NO,NO,,NO,,NO,
Document & Audit Service,document_audit_db,document,file_size_bytes,BIGINT,NO,NO,,NO,,NO,
Document & Audit Service,document_audit_db,document,uploaded_by,UUID,NO,NO,,NO,,NO,
Document & Audit Service,document_audit_db,document,created_at,TIMESTAMP,NO,NO,,NO,CURRENT_TIMESTAMP,NO,
Document & Audit Service,document_audit_db,document,updated_at,TIMESTAMP,NO,NO,,NO,CURRENT_TIMESTAMP,NO,
Document & Audit Service,document_audit_db,audit_event,audit_event_id,UUID,NO,YES,,YES,gen_random_uuid(),YES,
Document & Audit Service,document_audit_db,audit_event,event_type,VARCHAR(255),NO,NO,,NO,,NO,
Document & Audit Service,document_audit_db,audit_event,entity_type,VARCHAR(255),NO,NO,,NO,,NO,
Document & Audit Service,document_audit_db,audit_event,entity_id,UUID,NO,NO,,NO,,YES,External service ID; no cross-service FK
Document & Audit Service,document_audit_db,audit_event,actor_id,UUID,NO,NO,,NO,,YES,External service ID; no cross-service FK
Document & Audit Service,document_audit_db,audit_event,actor_role,VARCHAR(255),NO,NO,,NO,,NO,
Document & Audit Service,document_audit_db,audit_event,event_data,VARCHAR(255),NO,NO,,NO,,NO,
Document & Audit Service,document_audit_db,audit_event,created_at,TIMESTAMP,NO,NO,,NO,CURRENT_TIMESTAMP,NO,
Analytics & Intelligence Service,analytics_intelligence_db,claim_intelligence_snapshot,snapshot_id,UUID,NO,YES,,YES,gen_random_uuid(),YES,
Analytics & Intelligence Service,analytics_intelligence_db,claim_intelligence_snapshot,claim_id,UUID,NO,NO,,NO,,YES,External service ID; no cross-service FK
Analytics & Intelligence Service,analytics_intelligence_db,claim_intelligence_snapshot,priority,VARCHAR(255),NO,NO,,NO,,NO,
Analytics & Intelligence Service,analytics_intelligence_db,claim_intelligence_snapshot,priority_score,"NUMERIC(15,2)",NO,NO,,NO,,NO,
Analytics & Intelligence Service,analytics_intelligence_db,claim_intelligence_snapshot,fraud_risk_flag,BOOLEAN,NO,NO,,NO,FALSE,NO,
Analytics & Intelligence Service,analytics_intelligence_db,claim_intelligence_snapshot,severity_band,VARCHAR(255),NO,NO,,NO,,NO,
Analytics & Intelligence Service,analytics_intelligence_db,claim_intelligence_snapshot,key_signals,VARCHAR(255),NO,NO,,NO,,NO,
Analytics & Intelligence Service,analytics_intelligence_db,claim_intelligence_snapshot,model_version,VARCHAR(255),NO,NO,,NO,,NO,
Analytics & Intelligence Service,analytics_intelligence_db,claim_intelligence_snapshot,generated_at,TIMESTAMP,NO,NO,,NO,CURRENT_TIMESTAMP,NO,
Analytics & Intelligence Service,analytics_intelligence_db,risk_score_snapshot,snapshot_id,UUID,NO,YES,,YES,gen_random_uuid(),YES,
Analytics & Intelligence Service,analytics_intelligence_db,risk_score_snapshot,customer_id,UUID,NO,NO,,NO,,YES,External service ID; no cross-service FK
Analytics & Intelligence Service,analytics_intelligence_db,risk_score_snapshot,risk_score,"NUMERIC(15,2)",NO,NO,,NO,,NO,
Analytics & Intelligence Service,analytics_intelligence_db,risk_score_snapshot,risk_band,VARCHAR(255),NO,NO,,NO,,NO,
Analytics & Intelligence Service,analytics_intelligence_db,risk_score_snapshot,key_factors,VARCHAR(255),NO,NO,,NO,,NO,
Analytics & Intelligence Service,analytics_intelligence_db,risk_score_snapshot,model_version,VARCHAR(255),NO,NO,,NO,,NO,
Analytics & Intelligence Service,analytics_intelligence_db,risk_score_snapshot,generated_at,TIMESTAMP,NO,NO,,NO,CURRENT_TIMESTAMP,NO,
Analytics & Intelligence Service,analytics_intelligence_db,renewal_intelligence_snapshot,snapshot_id,UUID,NO,YES,,YES,gen_random_uuid(),YES,
Analytics & Intelligence Service,analytics_intelligence_db,renewal_intelligence_snapshot,policy_id,UUID,YES,NO,,NO,,YES,External service ID; no cross-service FK
Analytics & Intelligence Service,analytics_intelligence_db,renewal_intelligence_snapshot,renewal_risk_band,VARCHAR(255),NO,NO,,NO,,NO,
Analytics & Intelligence Service,analytics_intelligence_db,renewal_intelligence_snapshot,suggested_action,VARCHAR(255),NO,NO,,NO,,NO,
Analytics & Intelligence Service,analytics_intelligence_db,renewal_intelligence_snapshot,claim_trend,VARCHAR(255),NO,NO,,NO,,NO,
Analytics & Intelligence Service,analytics_intelligence_db,renewal_intelligence_snapshot,risk_trend,VARCHAR(255),NO,NO,,NO,,NO,
Analytics & Intelligence Service,analytics_intelligence_db,renewal_intelligence_snapshot,premium_change_indicator,"NUMERIC(15,2)",NO,NO,,NO,,NO,
Analytics & Intelligence Service,analytics_intelligence_db,renewal_intelligence_snapshot,key_factors,VARCHAR(255),NO,NO,,NO,,NO,
Analytics & Intelligence Service,analytics_intelligence_db,renewal_intelligence_snapshot,model_version,VARCHAR(255),NO,NO,,NO,,NO,
Analytics & Intelligence Service,analytics_intelligence_db,renewal_intelligence_snapshot,generated_at,TIMESTAMP,NO,NO,,NO,CURRENT_TIMESTAMP,NO,