S.No,Calling Service,Target Service,Purpose,HTTP Method,Target Endpoint,Communication Pattern,Trigger,Sync / Async,Resilience,Request / Payload,Expected Response,Design Notes
1,Quote & Policy Service,Customer & Party Service,Resolve customer/business identity for quote ownership,GET,/api/customers/{customerId},REST / RestClient,Quote creation,Synchronous,Timeout + CircuitBreaker,customerId,CustomerResponse,No cross-service database join.
2,Risk & Underwriting Service,Customer & Party Service,Retrieve customer/business profile for risk assessment,GET,/api/customers/{customerId},REST / RestClient,Risk assessment creation,Synchronous,Timeout + CircuitBreaker,customerId,CustomerResponse,Customer & Party remains source of customer profile.
3,Claims Service,Customer & Party Service,Resolve customer identity while creating/handling a claim,GET,/api/customers/{customerId},REST / RestClient,FNOL / claim handling,Synchronous,Timeout + CircuitBreaker,customerId,CustomerResponse,Claims stores customerId only.
4,Recovery & Business Continuity Service,Customer & Party Service,Resolve customer/business context for recovery,GET,/api/customers/{customerId},REST / RestClient,Recovery case creation,Synchronous,Timeout + CircuitBreaker,customerId,CustomerResponse,Do not duplicate the customer master record.
5,Quote & Policy Service,Risk & Underwriting Service,Create risk assessment for a quote,POST,/api/risk-assessments,REST / RestClient,Quote creation,Synchronous,Timeout + CircuitBreaker + controlled retry,CreateRiskAssessmentRequest,RiskAssessmentResponse,Persist returned assessmentId in Quote.
6,Quote & Policy Service,Risk & Underwriting Service,Submit risk assessment when quote enters underwriting,POST,/api/risk-assessments/{assessmentId}/submit,REST / RestClient,Quote submission,Synchronous,Timeout + CircuitBreaker,SubmitRiskAssessmentRequest,RiskAssessmentResponse,Do not mark the underwriting step complete when the call fails.
7,Quote & Policy Service,Risk & Underwriting Service,Read risk assessment for policy transaction processing,GET,/api/risk-assessments/{assessmentId},REST / RestClient,Endorsement / renewal,Synchronous,Timeout + CircuitBreaker,assessmentId,RiskAssessmentResponse,Use the assessment ID already associated with the quote/policy.
8,Quote & Policy Service,Analytics & Intelligence Service,Retrieve renewal intelligence,GET,/api/analytics/renewals/{policyId},REST / RestClient,Renewal processing,Synchronous,Timeout + CircuitBreaker + fallback,policyId,RenewalIntelligenceResponse,Analytics is advisory; it does not make the final renewal decision.
9,Quote & Policy Service,Workflow & Notification Service,Start quote/underwriting/policy workflow,POST,/api/workflows,REST or domain event,Quote submission / approval / issuance,Asynchronous preferred,Retry + idempotency,CreateWorkflowRequest,WorkflowResponse,Workflow owns process state; Quote & Policy owns business state.
10,Quote & Policy Service,Document & Audit Service,Record quote/policy lifecycle audit event,POST,/api/audit-events,REST or domain event,Quote/policy state change,Asynchronous preferred,Retry + idempotency,CreateAuditEventRequest,AuditEventResponse,Audit is append-only.
11,Claims Service,Quote & Policy Service,Validate policy coverage for FNOL and claim assessment,GET,/api/policies/{policyId}/coverage,REST / RestClient,FNOL / assessment,Synchronous,Timeout + CircuitBreaker,policyId,CoverageResponse,Coverage is read-only; Claims owns claim state.
12,Claims Service,Quote & Policy Service,Retrieve authoritative policy details,GET,/api/policies/{policyId},REST / RestClient,Claim assessment / settlement preparation,Synchronous,Timeout + CircuitBreaker,policyId,PolicyResponse,No second policy master in Claims.
13,Claims Service,Customer & Party Service,Resolve customer context,GET,/api/customers/{customerId},REST / RestClient,FNOL / claim handling,Synchronous,Timeout + CircuitBreaker,customerId,CustomerResponse,External reference only.
14,Claims Service,Analytics & Intelligence Service,Generate claim priority/intelligence,POST,/api/analytics/claims/prioritize,REST / RestClient,FNOL / claim update,Synchronous,Timeout + CircuitBreaker + fallback,ClaimPrioritizationRequest,ClaimPrioritizationResponse,Fallback may retain existing priority; human review remains required.
15,Claims Service,Recovery & Business Continuity Service,Create recovery case when continuity support is required,POST,/api/recovery/cases,REST or domain event,Business impact / qualifying loss,Asynchronous preferred,Retry + idempotency,CreateRecoveryCaseRequest,RecoveryCaseResponse,claimId is the correlation key.
16,Claims Service,Workflow & Notification Service,Start claim handling workflow,POST,/api/workflows,REST or domain event,FNOL / claim status change,Asynchronous preferred,Retry + idempotency,CreateWorkflowRequest,WorkflowResponse,Claim remains source of claim state.
17,Claims Service,Document & Audit Service,Record claim lifecycle/assessment audit event,POST,/api/audit-events,REST or domain event,FNOL / assessment / settlement / closure,Asynchronous preferred,Retry + idempotency,CreateAuditEventRequest,AuditEventResponse,Never place credentials/JWTs in audit data.
18,Recovery & Business Continuity Service,Vendor & Partner Service,Find eligible vendors for recovery support,GET,/api/vendors,REST / RestClient,Recovery plan/support request,Synchronous,Timeout + CircuitBreaker + fallback,VendorSearchRequest,VendorListResponse,Vendor service owns vendor eligibility.
19,Recovery & Business Continuity Service,Vendor & Partner Service,Create vendor assignment for recovery work,POST,/api/vendor-assignments,REST / RestClient,Recovery plan creation,Synchronous,Timeout + CircuitBreaker + idempotency,CreateVendorAssignmentRequest,VendorAssignmentResponse,Store assignmentId rather than vendor details.
20,Recovery & Business Continuity Service,Workflow & Notification Service,Start recovery workflow,POST,/api/workflows,REST or domain event,Recovery case/plan change,Asynchronous preferred,Retry + idempotency,CreateWorkflowRequest,WorkflowResponse,Recovery owns recovery state.
21,Recovery & Business Continuity Service,Workflow & Notification Service,Send recovery milestone/status notification,POST,/api/notifications,REST or domain event,Recovery milestone/status event,Asynchronous,Retry + idempotency,CreateNotificationRequest,NotificationResponse,Notification service owns notification lifecycle.
22,Recovery & Business Continuity Service,Document & Audit Service,Record recovery audit event,POST,/api/audit-events,REST or domain event,Recovery plan/status/completion,Asynchronous preferred,Retry + idempotency,CreateAuditEventRequest,AuditEventResponse,Append-only audit trail.
23,Vendor & Partner Service,Workflow & Notification Service,Notify contractor/vendor of assignment changes,POST,/api/notifications,REST or domain event,Assignment created/accepted/declined/completed,Asynchronous,Retry + idempotency,CreateNotificationRequest,NotificationResponse,No secrets in notification content.
24,Vendor & Partner Service,Document & Audit Service,Record vendor onboarding/verification/assignment audit,POST,/api/audit-events,REST or domain event,Onboarding / verification / assignment change,Asynchronous preferred,Retry + idempotency,CreateAuditEventRequest,AuditEventResponse,Compliance evidence is referenced by document ID.
25,Risk & Underwriting Service,Workflow & Notification Service,Start risk review workflow,POST,/api/workflows,REST or domain event,Assessment submission / recommendation,Asynchronous preferred,Retry + idempotency,CreateWorkflowRequest,WorkflowResponse,Workflow owns task state.
26,Risk & Underwriting Service,Document & Audit Service,Record risk assessment/recommendation/rule audit,POST,/api/audit-events,REST or domain event,Risk state change,Asynchronous preferred,Retry + idempotency,CreateAuditEventRequest,AuditEventResponse,Risk service remains source of risk data.
27,Analytics & Intelligence Service,Quote & Policy Service,Read policy information for renewal/portfolio analytics,GET,/api/policies/{policyId},REST / RestClient,Analytics generation,Synchronous,Timeout + CircuitBreaker,policyId,PolicyResponse,Long-term option: event-fed analytics read model.
28,Analytics & Intelligence Service,Claims Service,Read claim information for analytics,GET,/api/claims/{claimId},REST / RestClient,Renewal / portfolio analytics,Synchronous,Timeout + CircuitBreaker,claimId,ClaimResponse,Analytics does not modify Claims data.
29,Analytics & Intelligence Service,Risk & Underwriting Service,Read risk assessment for analytical scoring,GET,/api/risk-assessments/{assessmentId},REST / RestClient,Renewal / risk analytics,Synchronous,Timeout + CircuitBreaker,assessmentId,RiskAssessmentResponse,Long-term option: event-fed analytics read model.