S.No,Service,DTO Type,DTO Name,Fields (name: type),Used By Endpoint(s),Notes / Validation
1,Customer & Party Service,Request,RegisterPolicyholderRequest,email: String; password: String; businessName: String; ownerName: String; phone: String; businessType: String; address: String; city: String; state: String; country: String; postalCode: String,POST /api/auth/register,email unique and normalized; password never logged; required businessName/ownerName/email/password; basic phone/address validation.
2,Customer & Party Service,Response,RegisterResponse,userId: UUID; customerId: UUID; email: String; role: String; accountStatus: String; message: String,POST /api/auth/register,Never return password or password hash.
3,Customer & Party Service,Request,LoginRequest,email: String; password: String,POST /api/auth/login,Authenticate active accounts only; rate-limit repeated failures; do not expose whether an email exists.
4,Customer & Party Service,Response,LoginResponse,accessToken: String; tokenType: String; expiresIn: Long; userId: UUID; role: String; accountStatus: String,POST /api/auth/login,JWT only; tokenType normally Bearer; no credentials in response.
5,Customer & Party Service,Response,UserResponse,userId: UUID; email: String; role: String; accountStatus: String; displayName: String; lastLoginAt: LocalDateTime,GET /api/auth/me; POST /api/users; GET /api/users/{userId}; PUT /api/users/{userId}; PATCH /api/users/{userId}/status,No password/passwordHash; accountStatus values controlled by enum.
6,Customer & Party Service,Request,UpdateCustomerProfileRequest,businessName: String; ownerName: String; phone: String; businessType: String; address: String; city: String; state: String; country: String; postalCode: String,PUT /api/customers/me,Policyholder may update own profile; validate phone/postalCode; audit changes.
7,Customer & Party Service,Response,CustomerResponse,customerId: UUID; userId: UUID; businessName: String; ownerName: String; phone: String; businessType: String; address: String; city: String; state: String; country: String; postalCode: String; createdAt: LocalDateTime; updatedAt: LocalDateTime,GET /api/customers/me; PUT /api/customers/me; GET /api/customers/{customerId},Customer profile only; sensitive identity data limited to authorized callers.
8,Customer & Party Service,Request,CreateEmployeeRequest,email: String; temporaryPassword: String; displayName: String; role: String,POST /api/users,"Only System Administrator; role must be one of Underwriter, Risk Engineer, Claims Adjuster, Claims Manager, Vendor Manager; employees cannot self-register."
9,Customer & Party Service,Response,UserListResponse,items: List<UserResponse>; page: Integer; size: Integer; totalElements: Long,GET /api/users,Admin-only user administration list.
10,Customer & Party Service,Request,UpdateUserRequest,displayName: String; email: String; role: String,PUT /api/users/{userId},Admin-only; do not allow an update that leaves the system without an active administrator.
11,Customer & Party Service,Request,UpdateUserStatusRequest,accountStatus: String,PATCH /api/users/{userId}/status,"Allowed values: ACTIVE, INACTIVE, LOCKED; changing status is audited."
12,Quote & Policy Service,Request,CreateQuoteRequest,customerId: UUID; productCode: String; effectiveDate: LocalDate; expirationDate: LocalDate; coverageTypes: List<String>; coverageLimit: BigDecimal; deductible: BigDecimal; businessType: String; annualRevenue: BigDecimal; employeeCount: Integer; businessAddress: String,POST /api/quotes,Amounts >= 0; dates valid and coverageLimit > 0; customerId must belong to authenticated policyholder when self-service.
13,Quote & Policy Service,Response,QuoteResponse,quoteId: UUID; customerId: UUID; quoteNumber: String; status: String; productCode: String; effectiveDate: LocalDate; expirationDate: LocalDate; coverageTypes: List<String>; coverageLimit: BigDecimal; deductible: BigDecimal; premium: BigDecimal; riskAssessmentId: UUID; createdAt: LocalDateTime; updatedAt: LocalDateTime,POST /api/quotes; GET /api/quotes/{quoteId}; PUT /api/quotes/{quoteId}; POST /api/quotes/{quoteId}/submit; POST /api/quotes/{quoteId}/approve; POST /api/quotes/{quoteId}/reject,Premium may be null before underwriting; status enum.
14,Quote & Policy Service,Response,QuoteListResponse,items: List<QuoteResponse>; page: Integer; size: Integer; totalElements: Long,GET /api/quotes,Paginated.
15,Quote & Policy Service,Request,UpdateQuoteRequest,coverageTypes: List<String>; coverageLimit: BigDecimal; deductible: BigDecimal; effectiveDate: LocalDate; expirationDate: LocalDate; businessType: String; annualRevenue: BigDecimal; employeeCount: Integer; businessAddress: String,PUT /api/quotes/{quoteId},Only editable while quote is in a draft/eligible state; re-underwriting may be required.
16,Quote & Policy Service,Request,SubmitQuoteRequest,submissionNote: String; requestedEffectiveDate: LocalDate,POST /api/quotes/{quoteId}/submit,Quote must be complete before submission.
17,Quote & Policy Service,Request,ApproveQuoteRequest,approvalNote: String; premium: BigDecimal,POST /api/quotes/{quoteId}/approve,Underwriter only; premium must be >= 0 and must follow pricing/underwriting result.
18,Quote & Policy Service,Request,RejectQuoteRequest,rejectionReason: String,POST /api/quotes/{quoteId}/reject,Reason required and auditable.
19,Quote & Policy Service,Request,IssuePolicyRequest,policyStartDate: LocalDate; policyEndDate: LocalDate; policyDocumentId: UUID,POST /api/quotes/{quoteId}/issue-policy,Only approved quote can issue; dates must be consistent.
20,Quote & Policy Service,Response,PolicyResponse,policyId: UUID; policyNumber: String; customerId: UUID; quoteId: UUID; status: String; productCode: String; startDate: LocalDate; endDate: LocalDate; coverageTypes: List<String>; coverageLimit: BigDecimal; deductible: BigDecimal; premium: BigDecimal; createdAt: LocalDateTime; updatedAt: LocalDateTime,POST /api/quotes/{quoteId}/issue-policy; GET /api/policies/{policyId}; POST /api/policies/{policyId}/cancel,Authoritative policy summary; coverage values come from policy data.
21,Quote & Policy Service,Response,PolicyListResponse,items: List<PolicyResponse>; page: Integer; size: Integer; totalElements: Long,GET /api/policies,Paginated and role-filtered.
22,Quote & Policy Service,Request,CreateEndorsementRequest,endorsementType: String; effectiveDate: LocalDate; requestedChanges: String; supportingDocumentIds: List<UUID>,POST /api/policies/{policyId}/endorsements,Effective date must fall within allowable policy transaction rules; supporting documents optional unless rule requires them.
23,Quote & Policy Service,Response,EndorsementResponse,endorsementId: UUID; policyId: UUID; endorsementNumber: String; status: String; endorsementType: String; effectiveDate: LocalDate; requestedChanges: String; approvedAt: LocalDateTime,POST /api/policies/{policyId}/endorsements,Status enum; preserve original policy version history.
24,Quote & Policy Service,Response,EndorsementListResponse,items: List<EndorsementResponse>; page: Integer; size: Integer; totalElements: Long,GET /api/policies/{policyId}/endorsements,Paginated.
25,Quote & Policy Service,Request,CancelPolicyRequest,cancellationDate: LocalDate; reason: String; requestedBy: String,POST /api/policies/{policyId}/cancel,Authorization rules apply; cancellationDate must be valid for policy state.
26,Quote & Policy Service,Request,RenewPolicyRequest,renewalEffectiveDate: LocalDate; requestedCoverageTypes: List<String>; requestedCoverageLimit: BigDecimal; requestedDeductible: BigDecimal; underwriterNote: String,POST /api/policies/{policyId}/renew,Underwriter-only; renewal decision must be based on current policy/risk/claims information.
27,Quote & Policy Service,Response,RenewalResponse,renewalId: UUID; policyId: UUID; renewalStatus: String; renewalEffectiveDate: LocalDate; proposedPremium: BigDecimal; decisionNote: String,POST /api/policies/{policyId}/renew; GET /api/policies/{policyId}/renewal,Proposed values are subject to underwriting approval.
28,Quote & Policy Service,Response,CoverageResponse,policyId: UUID; coverageTypes: List<String>; coverageLimit: BigDecimal; deductible: BigDecimal; exclusions: List<String>; waitingPeriodDays: Integer; businessIncomeCoverage: Boolean,GET /api/policies/{policyId}/coverage,Do not infer coverage for a claim from this DTO alone; final claim coverage requires policy terms and applicable rules.
29,Risk & Underwriting Service,Request,CreateRiskAssessmentRequest,quoteId: UUID; policyId: UUID; customerId: UUID; assessmentType: String; assessmentDate: LocalDate; location: String; businessOperations: String; hazardFindings: List<String>,POST /api/risk-assessments,At least quoteId or policyId; assessment date required; findings should be specific and auditable.
30,Risk & Underwriting Service,Response,RiskAssessmentResponse,assessmentId: UUID; quoteId: UUID; policyId: UUID; customerId: UUID; status: String; riskScore: BigDecimal; assessmentType: String; assessmentDate: LocalDate; summary: String; findings: List<String>; recommendations: List<RiskRecommendationSummary>,POST /api/risk-assessments; GET /api/risk-assessments/{assessmentId}; PUT /api/risk-assessments/{assessmentId}; POST /api/risk-assessments/{assessmentId}/submit; POST /api/risk-assessments/{assessmentId}/reassess,riskScore bounded by configured scoring scale; status enum.
31,Risk & Underwriting Service,Request,UpdateRiskAssessmentRequest,location: String; businessOperations: String; hazardFindings: List<String>; riskScore: BigDecimal; summary: String,PUT /api/risk-assessments/{assessmentId},Only assigned Risk Engineer; preserve prior submitted versions via audit/history.
32,Risk & Underwriting Service,Request,SubmitRiskAssessmentRequest,submissionNote: String,POST /api/risk-assessments/{assessmentId}/submit,Assessment must contain required findings before submission.
33,Risk & Underwriting Service,Request,RiskAssessmentFilterRequest,status: String; assessmentType: String; fromDate: LocalDate; toDate: LocalDate; customerId: UUID; quoteId: UUID; policyId: UUID; page: Integer; size: Integer,GET /api/risk-assessments,Query filters; page >= 0 and size within configured maximum.
34,Risk & Underwriting Service,Response,RiskAssessmentListResponse,items: List<RiskAssessmentResponse>; page: Integer; size: Integer; totalElements: Long,GET /api/risk-assessments,Paginated.
35,Risk & Underwriting Service,Request,CreateRiskRecommendationRequest,assessmentId: UUID; recommendationType: String; description: String; priority: String; targetDate: LocalDate,POST /api/risk-assessments/{assessmentId}/recommendations,Priority enum; targetDate should not precede assessment date.
36,Risk & Underwriting Service,Response,RiskRecommendationResponse,recommendationId: UUID; assessmentId: UUID; recommendationType: String; description: String; priority: String; status: String; targetDate: LocalDate; verifiedAt: LocalDateTime,POST /api/risk-assessments/{assessmentId}/recommendations; PATCH /api/risk-recommendations/{recommendationId}/status,"Status enum: OPEN, IN_PROGRESS, COMPLETED, VERIFIED, WAIVED."
37,Risk & Underwriting Service,Response,RiskRecommendationListResponse,items: List<RiskRecommendationResponse>; page: Integer; size: Integer; totalElements: Long,GET /api/risk-assessments/{assessmentId}/recommendations,Paginated.
38,Risk & Underwriting Service,Request,UpdateRecommendationStatusRequest,status: String; statusNote: String; evidenceDocumentIds: List<UUID>,PATCH /api/risk-recommendations/{recommendationId}/status,Allowed transitions enforced by state machine; evidence required for VERIFIED where applicable.
39,Risk & Underwriting Service,Request,ReassessmentRequest,reason: String; reassessmentDate: LocalDate; updatedFindings: List<String>,POST /api/risk-assessments/{assessmentId}/reassess,Links to an existing assessment; reason required.
40,Risk & Underwriting Service,Response,RiskRuleListResponse,items: List<RiskRuleResponse>; page: Integer; size: Integer; totalElements: Long,GET /api/risk-rules,Admin/underwriter visibility according to endpoint authorization.
41,Risk & Underwriting Service,Request,CreateRiskRuleRequest,ruleCode: String; name: String; description: String; conditionExpression: String; actionType: String; priority: Integer; effectiveFrom: LocalDate; effectiveTo: LocalDate,POST /api/risk-rules,ruleCode unique; validate expression before activation.
42,Risk & Underwriting Service,Response,RiskRuleResponse,ruleId: UUID; ruleCode: String; name: String; description: String; conditionExpression: String; actionType: String; priority: Integer; status: String; effectiveFrom: LocalDate; effectiveTo: LocalDate,POST /api/risk-rules; PUT /api/risk-rules/{ruleId}; PATCH /api/risk-rules/{ruleId}/status,Rule execution should be deterministic and versioned.
43,Risk & Underwriting Service,Request,UpdateRiskRuleRequest,name: String; description: String; conditionExpression: String; actionType: String; priority: Integer; effectiveFrom: LocalDate; effectiveTo: LocalDate,PUT /api/risk-rules/{ruleId},Changes should create an auditable version.
44,Risk & Underwriting Service,Request,UpdateRiskRuleStatusRequest,status: String,PATCH /api/risk-rules/{ruleId}/status,"Allowed values: ACTIVE, INACTIVE."
45,Claims Service,Request,CreateFNOLRequest,policyId: UUID; lossDate: LocalDateTime; lossType: String; lossLocation: String; description: String; estimatedLossAmount: BigDecimal; contactPhone: String; immediateActions: String; documentIds: List<UUID>,POST /api/claims/fnol,Loss date cannot be in the future; estimated loss >= 0; policy must be eligible for claim reporting.
46,Claims Service,Response,ClaimResponse,claimId: UUID; claimNumber: String; policyId: UUID; customerId: UUID; status: String; lossType: String; lossDate: LocalDateTime; reportedAt: LocalDateTime; assignedAdjusterId: UUID; priority: String; estimatedLossAmount: BigDecimal; approvedAmount: BigDecimal; createdAt: LocalDateTime; updatedAt: LocalDateTime,POST /api/claims/fnol; GET /api/claims/{claimId}; PUT /api/claims/{claimId}; POST /api/claims/{claimId}/assign; POST /api/claims/{claimId}/approve; POST /api/claims/{claimId}/reject; PATCH /api/claims/{claimId}/status; POST /api/claims/{claimId}/close,Approved amount may be null until settlement approval; never expose internal-only notes.
47,Claims Service,Request,ClaimFilterRequest,status: String; priority: String; lossType: String; assignedAdjusterId: UUID; fromDate: LocalDate; toDate: LocalDate; page: Integer; size: Integer,GET /api/claims,Role-based filtering is enforced server-side regardless of supplied filters.
48,Claims Service,Response,ClaimListResponse,items: List<ClaimResponse>; page: Integer; size: Integer; totalElements: Long,GET /api/claims,Paginated.
49,Claims Service,Request,UpdateClaimRequest,description: String; lossLocation: String; contactPhone: String; estimatedLossAmount: BigDecimal; internalNote: String,PUT /api/claims/{claimId},Adjuster-only; internalNote never returned to policyholder.
50,Claims Service,Request,AssignClaimRequest,adjusterId: UUID; assignmentNote: String,POST /api/claims/{claimId}/assign,Manager-only; target user must have Claims Adjuster role and be active.
51,Claims Service,Request,AssessClaimRequest,assessmentType: String; damageDescription: String; assessedLossAmount: BigDecimal; coveredLossAmount: BigDecimal; liabilityFinding: String; assessmentDocumentIds: List<UUID>,POST /api/claims/{claimId}/assess,Amounts >= 0; covered loss cannot exceed assessed loss without an explicit rule/adjustment.
52,Claims Service,Response,ClaimAssessmentResponse,assessmentId: UUID; claimId: UUID; assessmentType: String; damageDescription: String; assessedLossAmount: BigDecimal; coveredLossAmount: BigDecimal; liabilityFinding: String; assessorId: UUID; assessedAt: LocalDateTime,POST /api/claims/{claimId}/assess,Assessment is immutable after submission except through a controlled correction process.
53,Claims Service,Request,CalculatePayoutRequest,assessmentId: UUID; deductibleOverride: BigDecimal; requestedAdjustment: BigDecimal; calculationNote: String,POST /api/claims/{claimId}/calculate-payout,Overrides require authority and audit; calculation should use current policy coverage data.
54,Claims Service,Response,PayoutCalculationResponse,claimId: UUID; assessmentId: UUID; coveredLossAmount: BigDecimal; deductible: BigDecimal; adjustments: BigDecimal; calculatedPayout: BigDecimal; calculationVersion: String; calculatedAt: LocalDateTime,POST /api/claims/{claimId}/calculate-payout,Indicative/recorded calculation; final payment depends on approval and policy terms.
55,Claims Service,Request,ApproveClaimRequest,approvedAmount: BigDecimal; approvalNote: String,POST /api/claims/{claimId}/approve,Claims Manager-only; approvedAmount >= 0.
56,Claims Service,Request,RejectClaimRequest,rejectionReason: String,POST /api/claims/{claimId}/reject,Reason required.
57,Claims Service,Request,UpdateClaimStatusRequest,status: String; statusNote: String,PATCH /api/claims/{claimId}/status,Enforce valid claim state transitions.
58,Claims Service,Request,CreateBusinessImpactRequest,claimId: UUID; affectedOperations: String; estimatedDowntimeDays: Integer; affectedRevenuePerDay: BigDecimal; criticalDependencies: List<String>; immediateContinuityNeeds: List<String>,POST /api/claims/{claimId}/business-impact,"Downtime >= 0; revenue/day >= 0; this records operational impact, not a coverage determination."
59,Claims Service,Response,BusinessImpactResponse,businessImpactId: UUID; claimId: UUID; affectedOperations: String; estimatedDowntimeDays: Integer; affectedRevenuePerDay: BigDecimal; estimatedRevenueExposure: BigDecimal; criticalDependencies: List<String>; immediateContinuityNeeds: List<String>; createdAt: LocalDateTime,POST /api/claims/{claimId}/business-impact; GET /api/claims/{claimId}/business-impact,estimatedRevenueExposure is an estimate and not a guaranteed insurance benefit.
60,Claims Service,Request,CloseClaimRequest,closureReason: String; settlementConfirmed: Boolean; recoveryCaseCompleted: Boolean,POST /api/claims/{claimId}/close,Closure permitted only when mandatory settlement/recovery conditions are satisfied.
61,Claims Service,Response,ClaimTimelineResponse,claimId: UUID; events: List<ClaimTimelineEvent>,GET /api/claims/{claimId}/timeline,Read-only history; event source is claim lifecycle history/audit.
62,Vendor & Partner Service,Request,VendorSearchRequest,serviceType: String; location: String; radiusKm: BigDecimal; capability: String; availabilityStatus: String; page: Integer; size: Integer,GET /api/vendors,Server applies eligibility rules; radiusKm >= 0.
63,Vendor & Partner Service,Response,VendorListResponse,items: List<VendorResponse>; page: Integer; size: Integer; totalElements: Long,GET /api/vendors,Only eligible/authorized fields exposed.
64,Vendor & Partner Service,Response,VendorResponse,vendorId: UUID; legalName: String; displayName: String; vendorType: String; serviceTypes: List<String>; capabilities: List<String>; serviceAreas: List<String>; verificationStatus: String; activeStatus: String; contactPhone: String; contactEmail: String,GET /api/vendors/{vendorId}; POST /api/vendors/{vendorId}/verify; PATCH /api/vendors/{vendorId}/status; PUT /api/vendors/{vendorId},Do not expose sensitive compliance documents in basic profile.
65,Vendor & Partner Service,Request,VendorOnboardingRequest,legalName: String; displayName: String; vendorType: String; serviceTypes: List<String>; capabilities: List<String>; serviceAreas: List<String>; contactName: String; contactPhone: String; contactEmail: String; documentIds: List<UUID>,POST /api/vendors/onboarding-requests,Contractor submits request; verification remains pending until Vendor Manager/Admin action.
66,Vendor & Partner Service,Response,VendorOnboardingListResponse,items: List<VendorOnboardingResponse>; page: Integer; size: Integer; totalElements: Long,GET /api/vendors/onboarding-requests,Admin/Vendor Manager only.
67,Vendor & Partner Service,Response,VendorOnboardingResponse,onboardingRequestId: UUID; vendorId: UUID; status: String; submittedAt: LocalDateTime; reviewedAt: LocalDateTime; reviewerId: UUID; rejectionReason: String,POST /api/vendors/onboarding-requests,"status enum: PENDING, VERIFIED, REJECTED."
68,Vendor & Partner Service,Request,VerifyVendorRequest,verificationDecision: String; verificationNote: String; verifiedDocumentIds: List<UUID>,POST /api/vendors/{vendorId}/verify,Decision must be APPROVE or REJECT; Vendor Manager only.
69,Vendor & Partner Service,Request,UpdateVendorStatusRequest,activeStatus: String; statusReason: String,PATCH /api/vendors/{vendorId}/status,"Allowed values: ACTIVE, SUSPENDED, INACTIVE."
70,Vendor & Partner Service,Request,UpdateVendorRequest,displayName: String; serviceTypes: List<String>; capabilities: List<String>; serviceAreas: List<String>; contactName: String; contactPhone: String; contactEmail: String,PUT /api/vendors/{vendorId},Only Vendor Manager; sensitive compliance data changes follow separate verification.
71,Vendor & Partner Service,Request,CreateVendorAssignmentRequest,vendorId: UUID; assignmentType: String; claimId: UUID; recoveryCaseId: UUID; taskDescription: String; dueDate: LocalDate; priority: String,POST /api/vendor-assignments,At least claimId or recoveryCaseId; vendor must be eligible/active.
72,Vendor & Partner Service,Response,VendorAssignmentResponse,assignmentId: UUID; vendorId: UUID; assignmentType: String; claimId: UUID; recoveryCaseId: UUID; status: String; taskDescription: String; dueDate: LocalDate; priority: String; acceptedAt: LocalDateTime; completedAt: LocalDateTime,POST /api/vendor-assignments; GET /api/vendor-assignments/{assignmentId}; POST /api/vendor-assignments/{assignmentId}/accept; POST /api/vendor-assignments/{assignmentId}/decline; PATCH /api/vendor-assignments/{assignmentId}/status,State transitions enforced.
73,Vendor & Partner Service,Request,VendorAssignmentFilterRequest,vendorId: UUID; claimId: UUID; recoveryCaseId: UUID; assignmentType: String; status: String; fromDate: LocalDate; toDate: LocalDate; page: Integer; size: Integer,GET /api/vendor-assignments,Role-specific visibility enforced.
74,Vendor & Partner Service,Response,VendorAssignmentListResponse,items: List<VendorAssignmentResponse>; page: Integer; size: Integer; totalElements: Long,GET /api/vendor-assignments,Paginated.
75,Vendor & Partner Service,Request,AcceptAssignmentRequest,acceptanceNote: String; expectedStartDate: LocalDate,POST /api/vendor-assignments/{assignmentId}/accept,Only offered assignments; vendor must be the assigned contractor.
76,Vendor & Partner Service,Request,DeclineAssignmentRequest,declineReason: String,POST /api/vendor-assignments/{assignmentId}/decline,Reason required; assignment returns to reassignment workflow.
77,Vendor & Partner Service,Request,UpdateAssignmentStatusRequest,status: String; progressNote: String; completionDate: LocalDate; evidenceDocumentIds: List<UUID>,PATCH /api/vendor-assignments/{assignmentId}/status,Contractor/Vendor Manager transitions only; completion may require evidence.
78,Vendor & Partner Service,Request,RecordVendorPerformanceRequest,assignmentId: UUID; qualityScore: BigDecimal; timelinessScore: BigDecimal; communicationScore: BigDecimal; outcomeScore: BigDecimal; note: String,POST /api/vendors/{vendorId}/performance,"Scores on configured scale, e.g. 0-5; assignment must be completed."
79,Vendor & Partner Service,Response,VendorPerformanceResponse,vendorId: UUID; assignmentId: UUID; qualityScore: BigDecimal; timelinessScore: BigDecimal; communicationScore: BigDecimal; outcomeScore: BigDecimal; overallScore: BigDecimal; note: String; recordedAt: LocalDateTime,POST /api/vendors/{vendorId}/performance; GET /api/vendors/{vendorId}/performance,overallScore calculated by service; do not accept a client-supplied overall score.
80,Recovery & Business Continuity Service,Request,CreateRecoveryCaseRequest,claimId: UUID; customerId: UUID; severity: String; recoveryObjective: String; targetRestoreDate: LocalDate; continuityNeeds: List<String>,POST /api/recovery/cases,Created from a claim workflow; claimId and customerId required.
81,Recovery & Business Continuity Service,Response,RecoveryCaseResponse,recoveryCaseId: UUID; claimId: UUID; customerId: UUID; status: String; severity: String; recoveryObjective: String; targetRestoreDate: LocalDate; currentRestorePercent: BigDecimal; createdAt: LocalDateTime; updatedAt: LocalDateTime,POST /api/recovery/cases; GET /api/recovery/cases/{recoveryCaseId}; PUT /api/recovery/cases/{recoveryCaseId}; PATCH /api/recovery/cases/{recoveryCaseId}/status; POST /api/recovery/cases/{recoveryCaseId}/complete,currentRestorePercent 0-100.
82,Recovery & Business Continuity Service,Request,RecoveryCaseFilterRequest,status: String; severity: String; claimId: UUID; customerId: UUID; fromDate: LocalDate; toDate: LocalDate; page: Integer; size: Integer,GET /api/recovery/cases,Role-specific filtering; page/size bounds.
83,Recovery & Business Continuity Service,Response,RecoveryCaseListResponse,items: List<RecoveryCaseResponse>; page: Integer; size: Integer; totalElements: Long,GET /api/recovery/cases,Paginated.
84,Recovery & Business Continuity Service,Request,UpdateRecoveryCaseRequest,severity: String; recoveryObjective: String; targetRestoreDate: LocalDate; continuityNeeds: List<String>; ownerId: UUID,PUT /api/recovery/cases/{recoveryCaseId},Claims Adjuster/Manager only; ownerId must reference an authorized internal user.
85,Recovery & Business Continuity Service,Request,CreateRecoveryPlanRequest,recoveryCaseId: UUID; planSummary: String; priorityActions: List<String>; vendorAssignmentIds: List<UUID>; temporaryResourceNeeds: List<String>; targetMilestones: List<String>,POST /api/recovery/cases/{recoveryCaseId}/plan,A recovery case can have one active plan; vendor assignments must exist before linkage.
86,Recovery & Business Continuity Service,Response,RecoveryPlanResponse,recoveryPlanId: UUID; recoveryCaseId: UUID; planSummary: String; priorityActions: List<String>; vendorAssignmentIds: List<UUID>; temporaryResourceNeeds: List<String>; targetMilestones: List<RecoveryMilestone>; status: String,POST /api/recovery/cases/{recoveryCaseId}/plan; GET /api/recovery/cases/{recoveryCaseId}/plan,Plan status is separate from case status.
87,Recovery & Business Continuity Service,Request,UpdateRecoveryStatusRequest,status: String; progressPercent: BigDecimal; statusNote: String,PATCH /api/recovery/cases/{recoveryCaseId}/status,progressPercent 0-100; valid state transitions only.
88,Recovery & Business Continuity Service,Request,CreateRecoverySupportRequest,recoveryCaseId: UUID; supportType: String; description: String; priority: String; requiredByDate: LocalDate; location: String,POST /api/recovery/cases/{recoveryCaseId}/support-requests,"Support type examples: REPAIR, EQUIPMENT, TEMPORARY_WORKSPACE; no vendor is assumed at creation."
89,Recovery & Business Continuity Service,Response,RecoverySupportRequestResponse,supportRequestId: UUID; recoveryCaseId: UUID; supportType: String; description: String; priority: String; status: String; requiredByDate: LocalDate; location: String; vendorAssignmentId: UUID,POST /api/recovery/cases/{recoveryCaseId}/support-requests; PATCH /api/recovery/support-requests/{supportRequestId}/status,vendorAssignmentId populated once a vendor is assigned.
90,Recovery & Business Continuity Service,Response,RecoverySupportRequestListResponse,items: List<RecoverySupportRequestResponse>; page: Integer; size: Integer; totalElements: Long,GET /api/recovery/cases/{recoveryCaseId}/support-requests,Paginated.
91,Recovery & Business Continuity Service,Request,UpdateRecoverySupportStatusRequest,status: String; statusNote: String; vendorAssignmentId: UUID,PATCH /api/recovery/support-requests/{supportRequestId}/status,Status changes validated against support workflow.
92,Recovery & Business Continuity Service,Request,CompleteRecoveryCaseRequest,completionNote: String; restoredOperationsPercent: BigDecimal; unresolvedItems: List<String>,POST /api/recovery/cases/{recoveryCaseId}/complete,Completion only when required recovery objectives are met or formally waived; restoredOperationsPercent 0-100.
93,Recovery & Business Continuity Service,Response,RecoveryAnalyticsResponse,periodStart: LocalDate; periodEnd: LocalDate; totalCases: Long; completedCases: Long; averageRecoveryDays: BigDecimal; averageRestorePercent: BigDecimal; overdueCases: Long,GET /api/analytics/recovery,Analytical summary; dates define reporting period.
94,Workflow & Notification Service,Response,NotificationListResponse,items: List<NotificationResponse>; page: Integer; size: Integer; totalElements: Long,GET /api/notifications,User-scoped.
95,Workflow & Notification Service,Request,MarkNotificationReadRequest,read: Boolean,PATCH /api/notifications/{notificationId}/read,Only notification owner may modify.
96,Workflow & Notification Service,Response,NotificationResponse,notificationId: UUID; userId: UUID; type: String; title: String; message: String; referenceType: String; referenceId: UUID; read: Boolean; createdAt: LocalDateTime,PATCH /api/notifications/{notificationId}/read; POST /api/notifications,Never include secrets or credentials.
97,Workflow & Notification Service,Response,WorkflowResponse,workflowId: UUID; workflowType: String; referenceType: String; referenceId: UUID; status: String; currentStep: String; startedAt: LocalDateTime; completedAt: LocalDateTime,GET /api/workflows/{workflowId}; POST /api/workflows,Workflow state is service-controlled.
98,Workflow & Notification Service,Request,CompleteWorkflowTaskRequest,taskOutcome: String; completionNote: String,POST /api/workflows/{workflowId}/tasks/{taskId}/complete,Only the assigned task owner may complete the task; valid outcome enforced by workflow.
99,Workflow & Notification Service,Request,TaskFilterRequest,status: String; workflowType: String; fromDate: LocalDate; toDate: LocalDate; page: Integer; size: Integer,GET /api/tasks,Employee-only task list; server scopes to assigned/authorized work.
100,Workflow & Notification Service,Request,CreateWorkflowRequest,workflowType: String; referenceType: String; referenceId: UUID; initiatedBy: String,POST /api/workflows,Internal event/workflow invocation; referenceId must point to an existing business object.
101,Workflow & Notification Service,Request,CreateNotificationRequest,userId: UUID; type: String; title: String; message: String; referenceType: String; referenceId: UUID,POST /api/notifications,Internal-only; message length and type are validated.
102,Document & Audit Service,Request,CreateDocumentMetadataRequest,entityType: String; entityId: UUID; documentType: String; fileName: String; contentType: String; storageKey: String; fileSizeBytes: Long; uploadedBy: UUID,POST /api/documents,storageKey points to controlled object storage; fileSizeBytes > 0; uploadedBy is authenticated user.
103,Document & Audit Service,Response,DocumentResponse,documentId: UUID; entityType: String; entityId: UUID; documentType: String; fileName: String; contentType: String; fileSizeBytes: Long; uploadedBy: UUID; createdAt: LocalDateTime,POST /api/documents; GET /api/documents/{documentId}; DELETE /api/documents/{documentId},Do not expose storage credentials or raw storage internals.
104,Document & Audit Service,Response,DocumentDownloadResponse,documentId: UUID; fileName: String; contentType: String; downloadUrl: String; expiresAt: LocalDateTime,GET /api/documents/{documentId}/download,Use short-lived signed URLs; enforce authorization before generating URL.
105,Document & Audit Service,Request,DocumentSearchRequest,entityType: String; entityId: UUID; documentType: String; uploadedBy: UUID; fromDate: LocalDate; toDate: LocalDate; page: Integer; size: Integer,GET /api/documents,Role-based authorization enforced independently of filters.
106,Document & Audit Service,Response,DocumentListResponse,items: List<DocumentResponse>; page: Integer; size: Integer; totalElements: Long,GET /api/documents,Paginated.
107,Document & Audit Service,Request,AuditEventFilterRequest,entityType: String; entityId: UUID; eventType: String; actorId: UUID; fromDate: LocalDateTime; toDate: LocalDateTime; page: Integer; size: Integer,GET /api/audit-events,Admin-only; filter cannot bypass retention/security controls.
108,Document & Audit Service,Response,AuditEventResponse,auditEventId: UUID; eventType: String; entityType: String; entityId: UUID; actorId: UUID; actorRole: String; eventData: String; createdAt: LocalDateTime,GET /api/audit-events/{eventId}; POST /api/audit-events,Audit records are append-only; redact secrets and passwords.
109,Document & Audit Service,Response,AuditEventListResponse,items: List<AuditEventResponse>; page: Integer; size: Integer; totalElements: Long,GET /api/audit-events,Paginated.
110,Document & Audit Service,Request,CreateAuditEventRequest,eventType: String; entityType: String; entityId: UUID; actorId: UUID; actorRole: String; eventData: String,POST /api/audit-events,"Internal-only; do not store passwords, JWTs, or sensitive secrets."
111,Analytics & Intelligence Service,Request,ClaimPrioritizationRequest,claimId: UUID; lossType: String; estimatedLossAmount: BigDecimal; customerSegment: String; catastropheFlag: Boolean; businessImpactSeverity: String,POST /api/analytics/claims/prioritize,Analytical features; missing optional signals should not produce invalid scores.
112,Analytics & Intelligence Service,Response,ClaimPrioritizationResponse,claimId: UUID; priority: String; priorityScore: BigDecimal; factors: List<String>; modelVersion: String; generatedAt: LocalDateTime,POST /api/analytics/claims/prioritize,"Score is an analytical decision-support signal, not a claim coverage/settlement decision."
113,Analytics & Intelligence Service,Response,ClaimIntelligenceResponse,claimId: UUID; priority: String; priorityScore: BigDecimal; fraudRiskFlag: Boolean; severityBand: String; keySignals: List<String>; modelVersion: String; generatedAt: LocalDateTime,GET /api/analytics/claims/{claimId}/intelligence,Human review remains required for consequential claim decisions.
114,Analytics & Intelligence Service,Request,RiskScoringRequest,customerId: UUID; businessType: String; location: String; annualRevenue: BigDecimal; employeeCount: Integer; hazardIndicators: List<String>; lossHistoryCount: Integer,POST /api/analytics/risk/score,Analytical score only; feature validation and model versioning required.
115,Analytics & Intelligence Service,Response,RiskScoringResponse,customerId: UUID; riskScore: BigDecimal; riskBand: String; keyFactors: List<String>; modelVersion: String; generatedAt: LocalDateTime,POST /api/analytics/risk/score,Score is decision support; do not treat model output as sole underwriting decision.
116,Analytics & Intelligence Service,Response,RenewalIntelligenceResponse,policyId: UUID; renewalRiskBand: String; suggestedAction: String; claimTrend: String; riskTrend: String; premiumChangeIndicator: BigDecimal; keyFactors: List<String>; modelVersion: String; generatedAt: LocalDateTime,GET /api/analytics/renewals/{policyId},Analytical recommendation; final renewal action remains with authorized underwriter.
117,Analytics & Intelligence Service,Request,AnalyticsFilterRequest,fromDate: LocalDate; toDate: LocalDate; productCode: String; region: String; status: String; page: Integer; size: Integer,GET /api/analytics/portfolio,Reporting period required or defaulted by service; role-specific data scope.
118,Analytics & Intelligence Service,Response,PortfolioAnalyticsResponse,periodStart: LocalDate; periodEnd: LocalDate; policyCount: Long; activeClaimCount: Long; totalPremium: BigDecimal; totalIncurredLoss: BigDecimal; averageClaimAmount: BigDecimal; renewalCount: Long,GET /api/analytics/portfolio,Aggregated role-authorized portfolio metrics.
119,Analytics & Intelligence Service,Request,CatastropheAnalyticsRequest,eventType: String; region: String; eventStart: LocalDate; eventEnd: LocalDate; minimumClaims: Integer,GET /api/analytics/catastrophe,Used to analyze correlated/multiple claims; region/event filters are optional where appropriate.
120,Analytics & Intelligence Service,Response,CatastropheAnalyticsResponse,eventType: String; region: String; affectedClaims: Long; affectedPolicies: Long; totalEstimatedLoss: BigDecimal; highPriorityClaims: Long; generatedAt: LocalDateTime,GET /api/analytics/catastrophe,Analytical aggregate; not a standalone catastrophe declaration.
121,Analytics & Intelligence Service,Request,VendorAnalyticsRequest,vendorId: UUID; serviceType: String; region: String; fromDate: LocalDate; toDate: LocalDate,GET /api/analytics/vendors,Role-scoped filters.
122,Analytics & Intelligence Service,Response,VendorAnalyticsResponse,periodStart: LocalDate; periodEnd: LocalDate; totalAssignments: Long; completedAssignments: Long; averageCompletionDays: BigDecimal; averagePerformanceScore: BigDecimal; activeVendors: Long,GET /api/analytics/vendors,Aggregated performance/workload metrics.
123,Recovery & Business Continuity Service,Request,RecoveryAnalyticsRequest,fromDate: LocalDate; toDate: LocalDate; severity: String; status: String; region: String,GET /api/analytics/recovery,Reporting period required or defaulted; filters are applied only within the caller's authorized data scope.
124,Workflow & Notification Service,Response,TaskListResponse,items: List<WorkflowTaskResponse>; page: Integer; size: Integer; totalElements: Long,GET /api/tasks,Paginated employee task list; server scopes results to the authenticated employee's assignments.
125,Workflow & Notification Service,Response,WorkflowTaskResponse,taskId: UUID; workflowId: UUID; taskType: String; assigneeUserId: UUID; status: String; dueAt: LocalDateTime; outcome: String; completionNote: String; completedAt: LocalDateTime,POST /api/workflows/{workflowId}/tasks/{taskId}/complete,Task status and completion fields are service-controlled; only the assigned/authorized actor may complete a task.