S.No,Service,Entity,Purpose,Fields (name: type),Primary Key,Relationships / References,Constraints / Notes
1,Customer & Party Service,UserAccount,"Identity, credentials, role and account lifecycle",userId: UUID; email: String; passwordHash: String; role: Role; accountStatus: AccountStatus; displayName: String; lastLoginAt: LocalDateTime; createdAt: LocalDateTime; updatedAt: LocalDateTime,userId,Optional one-to-one BusinessCustomer via userId,Unique email; passwordHash only; no plaintext passwords; internal employee accounts are admin-created.
2,Customer & Party Service,BusinessCustomer,Small-business customer/party profile,customerId: UUID; userId: UUID; businessName: String; ownerName: String; businessType: String; phone: String; address: String; city: String; state: String; country: String; postalCode: String; createdAt: LocalDateTime; updatedAt: LocalDateTime,customerId,userId → UserAccount.userId,userId unique for policyholder profile; business profile is owned here.
3,Quote & Policy Service,Quote,Insurance quote lifecycle and proposed terms,quoteId: UUID; quoteNumber: String; customerId: UUID; productCode: String; status: QuoteStatus; effectiveDate: LocalDate; expirationDate: LocalDate; coverageTypes: List<String>; coverageLimit: BigDecimal; deductible: BigDecimal; premium: BigDecimal; riskAssessmentId: UUID; createdAt: LocalDateTime; updatedAt: LocalDateTime,quoteId,customerId → external Customer & Party customerId; riskAssessmentId → external Risk & Underwriting assessmentId,No cross-service JPA foreign keys; store external IDs. quoteNumber unique.
4,Quote & Policy Service,Policy,Issued insurance contract and lifecycle,policyId: UUID; policyNumber: String; customerId: UUID; quoteId: UUID; productCode: String; status: PolicyStatus; startDate: LocalDate; endDate: LocalDate; coverageTypes: List<String>; coverageLimit: BigDecimal; deductible: BigDecimal; premium: BigDecimal; version: Integer; createdAt: LocalDateTime; updatedAt: LocalDateTime,policyId,customerId/quoteId → external IDs or local quoteId,policyNumber unique; version increments on material policy changes.
5,Quote & Policy Service,Endorsement,Policy change transaction,endorsementId: UUID; policyId: UUID; endorsementNumber: String; endorsementType: String; status: EndorsementStatus; effectiveDate: LocalDate; requestedChanges: String; supportingDocumentIds: List<UUID>; approvedAt: LocalDateTime; createdAt: LocalDateTime,endorsementId,policyId → Policy.policyId; document IDs → external Document service,Endorsement number unique per policy; preserve transaction history.
6,Quote & Policy Service,RenewalTransaction,Renewal decision and transaction record,renewalId: UUID; policyId: UUID; renewalStatus: RenewalStatus; renewalEffectiveDate: LocalDate; proposedPremium: BigDecimal; decisionNote: String; createdAt: LocalDateTime; updatedAt: LocalDateTime,renewalId,policyId → Policy.policyId; intelligence from Analytics service,One active renewal transaction per policy term; final decision is an underwriting/business action.
7,Risk & Underwriting Service,RiskAssessment,Structured risk assessment attached to quote/policy,assessmentId: UUID; quoteId: UUID; policyId: UUID; customerId: UUID; assessmentType: String; status: RiskAssessmentStatus; assessmentDate: LocalDate; location: String; businessOperations: String; riskScore: BigDecimal; summary: String; createdBy: UUID; createdAt: LocalDateTime; updatedAt: LocalDateTime,assessmentId,quoteId/policyId/customerId → external IDs,At least quoteId or policyId required; submitted versions auditable.
8,Risk & Underwriting Service,RiskFinding,Individual hazard/finding within an assessment,findingId: UUID; assessmentId: UUID; findingType: String; description: String; severity: String; evidenceDocumentIds: List<UUID>; createdAt: LocalDateTime,findingId,assessmentId → RiskAssessment.assessmentId; document IDs → external Document service,Granular findings support traceable risk remediation.
9,Risk & Underwriting Service,RiskRecommendation,Loss-prevention recommendation,recommendationId: UUID; assessmentId: UUID; recommendationType: String; description: String; priority: String; status: RecommendationStatus; targetDate: LocalDate; verifiedAt: LocalDateTime; createdAt: LocalDateTime,recommendationId,assessmentId → RiskAssessment.assessmentId,Controlled status transitions.
10,Risk & Underwriting Service,RiskRule,Configurable underwriting/risk rule,ruleId: UUID; ruleCode: String; name: String; description: String; conditionExpression: String; actionType: String; priority: Integer; status: RuleStatus; effectiveFrom: LocalDate; effectiveTo: LocalDate; version: Integer; createdAt: LocalDateTime; updatedAt: LocalDateTime,ruleId,,ruleCode + version unique; validate rule expression before activation.
11,Claims Service,Claim,Claim/FNOL lifecycle and case summary,claimId: UUID; claimNumber: String; policyId: UUID; customerId: UUID; status: ClaimStatus; lossType: String; lossDate: LocalDateTime; reportedAt: LocalDateTime; lossLocation: String; description: String; assignedAdjusterId: UUID; priority: String; estimatedLossAmount: BigDecimal; approvedAmount: BigDecimal; createdAt: LocalDateTime; updatedAt: LocalDateTime,claimId,policyId/customerId/assignedAdjusterId → external IDs,claimNumber unique; protect internal notes from customer-facing DTOs.
12,Claims Service,ClaimAssessment,Damage/loss assessment,assessmentId: UUID; claimId: UUID; assessmentType: String; damageDescription: String; assessedLossAmount: BigDecimal; coveredLossAmount: BigDecimal; liabilityFinding: String; assessorId: UUID; assessedAt: LocalDateTime; assessmentDocumentIds: List<UUID>,assessmentId,claimId → Claim.claimId; assessorId → external UserAccount; documents → external Document service,Submitted assessment immutable except controlled correction.
13,Claims Service,PayoutCalculation,Versioned payout calculation,calculationId: UUID; claimId: UUID; assessmentId: UUID; coveredLossAmount: BigDecimal; deductible: BigDecimal; adjustments: BigDecimal; calculatedPayout: BigDecimal; calculationVersion: String; calculatedBy: UUID; calculatedAt: LocalDateTime,calculationId,claimId/assessmentId → local claims entities,Calculation is traceable/versioned; final settlement is separate.
14,Claims Service,ClaimSettlement,Approved settlement record,settlementId: UUID; claimId: UUID; approvedAmount: BigDecimal; approvalNote: String; status: SettlementStatus; approvedBy: UUID; approvedAt: LocalDateTime,settlementId,claimId → Claim.claimId; approvedBy → external UserAccount,Approval requires Claims Manager authorization.
15,Claims Service,BusinessImpact,Post-loss operational impact assessment,businessImpactId: UUID; claimId: UUID; affectedOperations: String; estimatedDowntimeDays: Integer; affectedRevenuePerDay: BigDecimal; estimatedRevenueExposure: BigDecimal; criticalDependencies: List<String>; immediateContinuityNeeds: List<String>; createdAt: LocalDateTime; updatedAt: LocalDateTime,businessImpactId,claimId → Claim.claimId,Estimate only; not a coverage determination or guaranteed benefit.
16,Claims Service,ClaimTimelineEvent,Claim-specific lifecycle history,timelineEventId: UUID; claimId: UUID; eventType: String; status: String; actorId: UUID; note: String; createdAt: LocalDateTime,timelineEventId,claimId → Claim.claimId; actorId → external UserAccount,Append-only history; redact sensitive data.
17,Vendor & Partner Service,Vendor,Service provider/contractor profile,vendorId: UUID; legalName: String; displayName: String; vendorType: String; serviceTypes: List<String>; capabilities: List<String>; serviceAreas: List<String>; contactName: String; contactPhone: String; contactEmail: String; verificationStatus: VendorVerificationStatus; activeStatus: VendorActiveStatus; createdAt: LocalDateTime; updatedAt: LocalDateTime,vendorId,,Vendor is eligible for assignment only after required verification.
18,Vendor & Partner Service,VendorOnboardingRequest,Contractor onboarding workflow record,onboardingRequestId: UUID; vendorId: UUID; status: OnboardingStatus; submittedAt: LocalDateTime; reviewedAt: LocalDateTime; reviewerId: UUID; rejectionReason: String,onboardingRequestId,vendorId → Vendor.vendorId; reviewerId → external UserAccount,Only one active pending onboarding request per vendor.
19,Vendor & Partner Service,VendorAssignment,Work assignment to a vendor,assignmentId: UUID; vendorId: UUID; assignmentType: String; claimId: UUID; recoveryCaseId: UUID; status: AssignmentStatus; taskDescription: String; dueDate: LocalDate; priority: String; acceptedAt: LocalDateTime; completedAt: LocalDateTime; createdAt: LocalDateTime; updatedAt: LocalDateTime,assignmentId,vendorId → Vendor.vendorId; claimId/recoveryCaseId → external IDs,At least one claimId or recoveryCaseId required.
20,Vendor & Partner Service,VendorPerformance,Completed-work performance record,performanceId: UUID; vendorId: UUID; assignmentId: UUID; qualityScore: BigDecimal; timelinessScore: BigDecimal; communicationScore: BigDecimal; outcomeScore: BigDecimal; overallScore: BigDecimal; note: String; recordedAt: LocalDateTime,performanceId,vendorId → Vendor.vendorId; assignmentId → VendorAssignment.assignmentId,Overall score derived by service; source assignment must be completed.
21,Recovery & Business Continuity Service,RecoveryCase,Business recovery case linked to a claim,recoveryCaseId: UUID; claimId: UUID; customerId: UUID; severity: String; status: RecoveryCaseStatus; recoveryObjective: String; targetRestoreDate: LocalDate; currentRestorePercent: BigDecimal; ownerId: UUID; createdAt: LocalDateTime; updatedAt: LocalDateTime,recoveryCaseId,claimId/customerId → external IDs; ownerId → external UserAccount,One active recovery case per claim unless explicitly reopened.
22,Recovery & Business Continuity Service,RecoveryPlan,Structured continuity/recovery plan,recoveryPlanId: UUID; recoveryCaseId: UUID; planSummary: String; priorityActions: List<String>; vendorAssignmentIds: List<UUID>; temporaryResourceNeeds: List<String>; targetMilestones: String; status: RecoveryPlanStatus; createdAt: LocalDateTime; updatedAt: LocalDateTime,recoveryPlanId,recoveryCaseId → RecoveryCase; vendorAssignmentIds → external Vendor service,One active plan per recovery case; revisions should be auditable.
23,Recovery & Business Continuity Service,RecoverySupportRequest,Request for specific recovery support,supportRequestId: UUID; recoveryCaseId: UUID; supportType: String; description: String; priority: String; status: RecoverySupportStatus; requiredByDate: LocalDate; location: String; vendorAssignmentId: UUID; createdAt: LocalDateTime; updatedAt: LocalDateTime,supportRequestId,recoveryCaseId → RecoveryCase; vendorAssignmentId → external Vendor service,Vendor assignment remains optional until fulfillment.
24,Workflow & Notification Service,Workflow,Business process orchestration state,workflowId: UUID; workflowType: String; referenceType: String; referenceId: UUID; status: WorkflowStatus; currentStep: String; initiatedBy: String; startedAt: LocalDateTime; completedAt: LocalDateTime; createdAt: LocalDateTime,workflowId,referenceId → external business entity; no cross-service DB FK,"Workflow stores process state only, not another service's domain record."
25,Workflow & Notification Service,WorkflowTask,Human/system task within workflow,taskId: UUID; workflowId: UUID; taskType: String; assigneeUserId: UUID; status: WorkflowTaskStatus; dueAt: LocalDateTime; outcome: String; completionNote: String; completedAt: LocalDateTime,taskId,workflowId → Workflow.workflowId; assigneeUserId → external UserAccount,Only assigned/authorized actor can complete.
26,Workflow & Notification Service,Notification,In-app user notification,notificationId: UUID; userId: UUID; type: String; title: String; message: String; referenceType: String; referenceId: UUID; read: Boolean; createdAt: LocalDateTime,notificationId,userId/referenceId → external IDs,No secrets or credentials in notification content.
27,Document & Audit Service,Document,Document metadata and object-storage reference,documentId: UUID; entityType: String; entityId: UUID; documentType: String; fileName: String; contentType: String; storageKey: String; fileSizeBytes: Long; uploadedBy: UUID; createdAt: LocalDateTime; updatedAt: LocalDateTime,documentId,entityId → external business entity; uploadedBy → external UserAccount,Relational entity stores metadata; binary content may live in object storage.
28,Document & Audit Service,AuditEvent,Append-only audit record,auditEventId: UUID; eventType: String; entityType: String; entityId: UUID; actorId: UUID; actorRole: String; eventData: String; createdAt: LocalDateTime,auditEventId,entityId/actorId → external IDs,Append-only; never store passwords/JWTs/secrets.
29,Analytics & Intelligence Service,ClaimIntelligenceSnapshot,Persisted claim-intelligence/priority result,snapshotId: UUID; claimId: UUID; priority: String; priorityScore: BigDecimal; fraudRiskFlag: Boolean; severityBand: String; keySignals: String; modelVersion: String; generatedAt: LocalDateTime,snapshotId,claimId → external Claims service,Version model outputs; decision-support only.
30,Analytics & Intelligence Service,RiskScoreSnapshot,Persisted analytical risk score,snapshotId: UUID; customerId: UUID; riskScore: BigDecimal; riskBand: String; keyFactors: String; modelVersion: String; generatedAt: LocalDateTime,snapshotId,customerId → external Customer & Party service,Model-versioned analytical result; not sole underwriting decision.
31,Analytics & Intelligence Service,RenewalIntelligenceSnapshot,Persisted renewal intelligence result,snapshotId: UUID; policyId: UUID; renewalRiskBand: String; suggestedAction: String; claimTrend: String; riskTrend: String; premiumChangeIndicator: BigDecimal; keyFactors: String; modelVersion: String; generatedAt: LocalDateTime,snapshotId,policyId → external Quote & Policy service,Analytical support; final renewal action belongs to authorized business workflow.