S.No,Role,Action,Primary Service,Service Mapping / Flow,Supporting Services,Trigger Type,Notes / Correction
1,Policyholder,Register,Customer & Party,Angular  -->  API Gateway  -->  Customer & Party  -->  API Gateway  -->  Angular,"Workflow & Notification, Document & Audit",User Action,Customer-side self-registration; account created after validation.
2,Policyholder,Login,Customer & Party,Angular  -->  API Gateway  -->  Customer & Party  -->  API Gateway  -->  Angular,--,User Action,JWT authentication and RBAC; company-side roles do not self-register.
3,Policyholder,Create Business Profile,Customer & Party,Angular  -->  API Gateway  -->  Customer & Party  -->  API Gateway  -->  Angular,"Risk & Underwriting, Document & Audit",User Action,Required business information is captured before requesting a quote.
4,Policyholder,Update Business Profile,Customer & Party,Angular  -->  API Gateway  -->  Customer & Party  -->  API Gateway  -->  Angular,"Risk & Underwriting, Document & Audit",User Action,Material changes may trigger risk reassessment.
5,Policyholder,Request Quote,Quote & Policy,Angular  -->  API Gateway  -->  Quote & Policy  -->  Risk & Underwriting  -->  Workflow & Notification  -->  API Gateway  -->  Angular,"Customer & Party, Document & Audit",User Action,Starts the quote and underwriting workflow.
6,Policyholder,Provide Risk Information,Risk & Underwriting,Angular  -->  API Gateway  -->  Risk & Underwriting  -->  API Gateway  -->  Angular,"Customer & Party, Document & Audit",User Action,Business/property risk information required for assessment.
7,Policyholder,Upload Quote Documents,Document & Audit,Angular  -->  API Gateway  -->  Document & Audit  -->  Quote & Policy  -->  API Gateway  -->  Angular,Risk & Underwriting,User Action,Documents are associated with the quote/underwriting case.
8,Policyholder,View Quote,Quote & Policy,Angular  -->  API Gateway  -->  Quote & Policy  -->  API Gateway  -->  Angular,Customer & Party,User Action,Displays current quote status and details.
9,Policyholder,Accept Quote,Quote & Policy,Angular  -->  API Gateway  -->  Quote & Policy  -->  Workflow & Notification  -->  API Gateway  -->  Angular,Document & Audit,User Action,Acceptance proceeds to policy issuance subject to underwriting outcome.
10,Policyholder,View Active Policy,Quote & Policy,Angular  -->  API Gateway  -->  Quote & Policy  -->  API Gateway  -->  Angular,Document & Audit,User Action,Shows active policy and status.
11,Policyholder,View Coverage / Policy Documents,Document & Audit,Angular  -->  API Gateway  -->  Document & Audit  -->  API Gateway  -->  Angular,Quote & Policy,User Action,Coverage context comes from policy data; documents come from Document & Audit.
12,Policyholder,Request Policy Change,Quote & Policy,Angular  -->  API Gateway  -->  Quote & Policy  -->  Risk & Underwriting  -->  Workflow & Notification  -->  API Gateway  -->  Angular,Document & Audit,User Action,Risk reassessment only when the requested change affects risk/coverage.
13,Policyholder,View Risk Recommendations,Risk & Underwriting,Angular  -->  API Gateway  -->  Risk & Underwriting  -->  Analytics & Intelligence  -->  API Gateway  -->  Angular,Workflow & Notification,User Action,Recommendations are advisory and based on available risk intelligence.
14,Policyholder,Report Incident / FNOL,Claims,Angular  -->  API Gateway  -->  Claims  -->  Quote & Policy  -->  Workflow & Notification  -->  API Gateway  -->  Angular,"Customer & Party, Document & Audit",User Action,Claims service creates FNOL/claim after policy/customer validation.
15,Policyholder,Upload Claim Evidence,Document & Audit,Angular  -->  API Gateway  -->  Document & Audit  -->  Claims  -->  API Gateway  -->  Angular,Workflow & Notification,User Action,Evidence is linked to the claim.
16,Policyholder,Report Business Impact,Claims,Angular  -->  API Gateway  -->  Claims  -->  Recovery & Business Continuity  -->  API Gateway  -->  Angular,"Analytics & Intelligence, Document & Audit",User Action,Captures operational/business interruption impact; coverage remains subject to policy terms.
17,Policyholder,Track Claim,Claims,Angular  -->  API Gateway  -->  Claims  -->  API Gateway  -->  Angular,Workflow & Notification,User Action,Shows claim status and required customer actions.
18,Policyholder,View Recovery Plan,Recovery & Business Continuity,Angular  -->  API Gateway  -->  Recovery & Business Continuity  -->  API Gateway  -->  Angular,"Claims, Vendor & Partner",User Action,Available when recovery workflow is initiated.
19,Policyholder,Track Recovery Progress,Recovery & Business Continuity,Angular  -->  API Gateway  -->  Recovery & Business Continuity  -->  API Gateway  -->  Angular,"Vendor & Partner, Workflow & Notification",User Action,Shows recovery milestones and current status.
20,Policyholder,Report Recovery Issue,Recovery & Business Continuity,Angular  -->  API Gateway  -->  Recovery & Business Continuity  -->  Workflow & Notification  -->  API Gateway  -->  Angular,Vendor & Partner,User Action,Issue can trigger escalation based on configured workflow.
21,Policyholder,Confirm Business Reopened,Recovery & Business Continuity,Angular  -->  API Gateway  -->  Recovery & Business Continuity  -->  Claims  -->  API Gateway  -->  Angular,"Document & Audit, Analytics & Intelligence",User Action,Marks customer-reported recovery completion; closure still follows claim rules.
22,Policyholder,View Renewal,Quote & Policy,Angular  -->  API Gateway  -->  Quote & Policy  -->  API Gateway  -->  Angular,"Risk & Underwriting, Analytics & Intelligence",User Action,Displays renewal information when available.
23,Policyholder,Provide Renewal Information,Quote & Policy,Angular  -->  API Gateway  -->  Quote & Policy  -->  Risk & Underwriting  -->  API Gateway  -->  Angular,"Customer & Party, Document & Audit",User Action,Updated information may trigger reassessment.
24,Policyholder,Accept Renewal,Quote & Policy,Angular  -->  API Gateway  -->  Quote & Policy  -->  Workflow & Notification  -->  API Gateway  -->  Angular,Document & Audit,User Action,Renewal proceeds subject to applicable underwriting workflow.
25,Underwriter,Login,Customer & Party,Angular  -->  API Gateway  -->  Customer & Party  -->  API Gateway  -->  Angular,--,User Action,Admin-created account; no self-registration.
26,Underwriter,View Assigned Quotes,Quote & Policy,Angular  -->  API Gateway  -->  Quote & Policy  -->  API Gateway  -->  Angular,Workflow & Notification,User Action,Shows quotes assigned for underwriting review.
27,Underwriter,Review Business & Risk Information,Risk & Underwriting,Angular  -->  API Gateway  -->  Risk & Underwriting  -->  Customer & Party  -->  Quote & Policy  -->  API Gateway  -->  Angular,"Document & Audit, Analytics & Intelligence",User Action,Consolidates information required for underwriting.
28,Underwriter,Review Supporting Documents,Document & Audit,Angular  -->  API Gateway  -->  Document & Audit  -->  API Gateway  -->  Angular,Risk & Underwriting,User Action,Documents are accessed in underwriting context.
29,Underwriter,Request Additional Information,Risk & Underwriting,Angular  -->  API Gateway  -->  Risk & Underwriting  -->  Workflow & Notification  -->  API Gateway  -->  Angular,Document & Audit,User Action,Creates an information request for the policyholder.
30,Underwriter,Perform Underwriting Assessment,Risk & Underwriting,Angular  -->  API Gateway  -->  Risk & Underwriting  -->  Analytics & Intelligence  -->  API Gateway  -->  Angular,"Customer & Party, Quote & Policy, Document & Audit",User Action,AI/analytics may provide decision support; underwriter retains decision authority.
31,Underwriter,Approve Quote,Risk & Underwriting,Angular  -->  API Gateway  -->  Risk & Underwriting  -->  Quote & Policy  -->  Workflow & Notification  -->  API Gateway  -->  Angular,Document & Audit,User Action,Underwriting decision is owned by Risk & Underwriting; policy flow is initiated afterward.
32,Underwriter,Reject / Refer Quote,Risk & Underwriting,Angular  -->  API Gateway  -->  Risk & Underwriting  -->  Quote & Policy  -->  Workflow & Notification  -->  API Gateway  -->  Angular,Document & Audit,User Action,Reason/status is recorded; referral requires appropriate human workflow.
33,Underwriter,Review Policy Change,Risk & Underwriting,Angular  -->  API Gateway  -->  Risk & Underwriting  -->  Quote & Policy  -->  API Gateway  -->  Angular,Document & Audit,Workflow/Event,Only changes requiring underwriting review reach the underwriter.
34,Underwriter,Review Renewal Case,Risk & Underwriting,Angular  -->  API Gateway  -->  Risk & Underwriting  -->  Analytics & Intelligence  -->  Quote & Policy  -->  API Gateway  -->  Angular,Document & Audit,Workflow/Event,"Renewal assessment uses policy, risk and claim history where applicable."
35,Risk Engineer,Login,Customer & Party,Angular  -->  API Gateway  -->  Customer & Party  -->  API Gateway  -->  Angular,--,User Action,Admin-created account; no self-registration.
36,Risk Engineer,View Assigned Risk Assessments,Risk & Underwriting,Angular  -->  API Gateway  -->  Risk & Underwriting  -->  API Gateway  -->  Angular,Workflow & Notification,User Action,Shows assigned risk assessment work.
37,Risk Engineer,Review Business / Property Risk,Risk & Underwriting,Angular  -->  API Gateway  -->  Risk & Underwriting  -->  Customer & Party  -->  API Gateway  -->  Angular,"Analytics & Intelligence, Document & Audit",User Action,Uses business/property information and available evidence.
38,Risk Engineer,Record Risk Findings,Risk & Underwriting,Angular  -->  API Gateway  -->  Risk & Underwriting  -->  API Gateway  -->  Angular,Document & Audit,User Action,Findings become part of the risk record.
39,Risk Engineer,Create Mitigation Recommendation,Risk & Underwriting,Angular  -->  API Gateway  -->  Risk & Underwriting  -->  Analytics & Intelligence  -->  Workflow & Notification  -->  API Gateway  -->  Angular,Document & Audit,User Action,Recommendation is recorded and communicated to the policyholder.
40,Risk Engineer,Track Mitigation,Risk & Underwriting,Angular  -->  API Gateway  -->  Risk & Underwriting  -->  Workflow & Notification  -->  API Gateway  -->  Angular,Document & Audit,Workflow/Event,Tracks open mitigation actions.
41,Risk Engineer,Verify Mitigation Completion,Risk & Underwriting,Angular  -->  API Gateway  -->  Risk & Underwriting  -->  Document & Audit  -->  API Gateway  -->  Angular,Analytics & Intelligence,User Action,Verification may require evidence.
42,Risk Engineer,Update Risk Assessment,Risk & Underwriting,Angular  -->  API Gateway  -->  Risk & Underwriting  -->  Analytics & Intelligence  -->  API Gateway  -->  Angular,Document & Audit,User Action,Updated risk profile can feed future underwriting/renewal.
43,Claims Adjuster,Login,Customer & Party,Angular  -->  API Gateway  -->  Customer & Party  -->  API Gateway  -->  Angular,--,User Action,Admin-created account; no self-registration.
44,Claims Adjuster,View Assigned Claims,Claims,Angular  -->  API Gateway  -->  Claims  -->  API Gateway  -->  Angular,Workflow & Notification,User Action,Shows claims assigned to the adjuster.
45,Claims Adjuster,Review FNOL,Claims,Angular  -->  API Gateway  -->  Claims  -->  Customer & Party  -->  Quote & Policy  -->  API Gateway  -->  Angular,Document & Audit,User Action,Reviews incident and policy context.
46,Claims Adjuster,Review Claim Evidence,Document & Audit,Angular  -->  API Gateway  -->  Document & Audit  -->  Claims  -->  API Gateway  -->  Angular,--,User Action,Evidence is retrieved in claim context.
47,Claims Adjuster,Request Additional Information,Claims,Angular  -->  API Gateway  -->  Claims  -->  Workflow & Notification  -->  API Gateway  -->  Angular,Document & Audit,User Action,Creates a customer information request.
48,Claims Adjuster,Assess Claim,Claims,Angular  -->  API Gateway  -->  Claims  -->  Quote & Policy  -->  Risk & Underwriting  -->  Analytics & Intelligence  -->  API Gateway  -->  Angular,Document & Audit,User Action,Human claim assessment; AI/analytics provides supporting insight only.
49,Claims Adjuster,Review Claim Intelligence,Analytics & Intelligence,Angular  -->  API Gateway  -->  Analytics & Intelligence  -->  Claims  -->  API Gateway  -->  Angular,--,User Action,"Displays classification, severity or recovery indicators for decision support."
50,Claims Adjuster,Determine Recovery Requirement,Recovery & Business Continuity,Angular  -->  API Gateway  -->  Recovery & Business Continuity  -->  Claims  -->  Analytics & Intelligence  -->  API Gateway  -->  Angular,Vendor & Partner,User Action,Determines whether a recovery workflow is needed.
51,Claims Adjuster,Initiate Recovery,Recovery & Business Continuity,Angular  -->  API Gateway  -->  Recovery & Business Continuity  -->  Vendor & Partner  -->  Workflow & Notification  -->  API Gateway  -->  Angular,Claims,User Action,Creates recovery plan/workflow and starts vendor matching.
52,Claims Adjuster,Monitor Claim & Recovery,Claims,Angular  -->  API Gateway  -->  Claims  -->  Recovery & Business Continuity  -->  API Gateway  -->  Angular,"Vendor & Partner, Analytics & Intelligence",User Action,Provides combined claim and recovery view.
53,Claims Adjuster,Escalate Claim / Recovery Issue,Workflow & Notification,Angular  -->  API Gateway  -->  Workflow & Notification  -->  Claims / Recovery & Business Continuity  -->  API Gateway  -->  Angular,Analytics & Intelligence,User Action,Escalation follows configured workflow.
54,Claims Adjuster,Initiate Claim Closure,Claims,Angular  -->  API Gateway  -->  Claims  -->  Recovery & Business Continuity  -->  Document & Audit  -->  Workflow & Notification  -->  API Gateway  -->  Angular,--,User Action,Closure only after required claim/recovery conditions are satisfied.
55,Claims Manager,Login,Customer & Party,Angular  -->  API Gateway  -->  Customer & Party  -->  API Gateway  -->  Angular,--,User Action,Admin-created account; no self-registration.
56,Claims Manager,View Claims Dashboard,Analytics & Intelligence,Angular  -->  API Gateway  -->  Analytics & Intelligence  -->  Claims  -->  Recovery & Business Continuity  -->  API Gateway  -->  Angular,Workflow & Notification,User Action,Portfolio-level operational view.
57,Claims Manager,Assign / Reassign Claims,Claims,Angular  -->  API Gateway  -->  Claims  -->  Workflow & Notification  -->  API Gateway  -->  Angular,Customer & Party,User Action,Assignment based on configured workload/authority.
58,Claims Manager,Monitor Claim Workload,Analytics & Intelligence,Angular  -->  API Gateway  -->  Analytics & Intelligence  -->  Claims  -->  API Gateway  -->  Angular,--,User Action,Portfolio/workload monitoring.
59,Claims Manager,Identify High-Priority Claims,Analytics & Intelligence,Angular  -->  API Gateway  -->  Analytics & Intelligence  -->  Claims  -->  Recovery & Business Continuity  -->  API Gateway  -->  Angular,--,User Action,Rules/AI may assist prioritization; manager retains operational authority.
60,Claims Manager,Monitor Recovery Bottlenecks,Recovery & Business Continuity,Angular  -->  API Gateway  -->  Recovery & Business Continuity  -->  Analytics & Intelligence  -->  API Gateway  -->  Angular,"Vendor & Partner, Workflow & Notification",User Action,Highlights delayed or blocked recovery workflows.
61,Claims Manager,Escalate Operational Issue,Workflow & Notification,Angular  -->  API Gateway  -->  Workflow & Notification  -->  Claims / Recovery & Business Continuity  -->  API Gateway  -->  Angular,Vendor & Partner,User Action,Creates/updates operational escalation.
62,Claims Manager,Review Claims / Recovery Analytics,Analytics & Intelligence,Angular  -->  API Gateway  -->  Analytics & Intelligence  -->  Claims / Recovery & Business Continuity  -->  API Gateway  -->  Angular,--,User Action,"KPIs such as claim aging, recovery progress and bottlenecks."
63,Vendor Manager,Login,Customer & Party,Angular  -->  API Gateway  -->  Customer & Party  -->  API Gateway  -->  Angular,--,User Action,Admin-created account; no self-registration.
64,Vendor Manager,Review Vendor Onboarding Request,Vendor & Partner,Angular  -->  API Gateway  -->  Vendor & Partner  -->  Document & Audit  -->  API Gateway  -->  Angular,Workflow & Notification,Workflow/Event,Reviews contractor onboarding request and evidence.
65,Vendor Manager,Verify Vendor,Vendor & Partner,Angular  -->  API Gateway  -->  Vendor & Partner  -->  Document & Audit  -->  API Gateway  -->  Angular,Workflow & Notification,User Action,Verification status is recorded.
66,Vendor Manager,Approve / Activate Vendor,Vendor & Partner,Angular  -->  API Gateway  -->  Vendor & Partner  -->  Workflow & Notification  -->  API Gateway  -->  Angular,Document & Audit,User Action,Only approved vendors can receive assignments.
67,Vendor Manager,Manage Vendor Profile,Vendor & Partner,Angular  -->  API Gateway  -->  Vendor & Partner  -->  API Gateway  -->  Angular,Document & Audit,User Action,Maintains vendor details.
68,Vendor Manager,Configure Specialty / Service Area,Vendor & Partner,Angular  -->  API Gateway  -->  Vendor & Partner  -->  API Gateway  -->  Angular,--,User Action,Used for matching recovery requirements.
69,Vendor Manager,Manage Vendor Availability,Vendor & Partner,Angular  -->  API Gateway  -->  Vendor & Partner  -->  API Gateway  -->  Angular,--,User Action,Availability/capacity used in matching.
70,Vendor Manager,Review Vendor Recommendations,Vendor & Partner,Angular  -->  API Gateway  -->  Vendor & Partner  -->  Analytics & Intelligence  -->  API Gateway  -->  Angular,Recovery & Business Continuity,User Action,Recommendations based on configured eligibility and available intelligence.
71,Vendor Manager,Approve / Override Assignment,Vendor & Partner,Angular  -->  API Gateway  -->  Vendor & Partner  -->  Recovery & Business Continuity  -->  Workflow & Notification  -->  API Gateway  -->  Angular,"Claims, Document & Audit",User Action,Manual override is permission-controlled and audited.
72,Vendor Manager,Monitor Vendor Performance,Vendor & Partner,Angular  -->  API Gateway  -->  Vendor & Partner  -->  Analytics & Intelligence  -->  API Gateway  -->  Angular,Recovery & Business Continuity,User Action,Tracks performance metrics.
73,Vendor Manager,Handle Vendor SLA Issue,Vendor & Partner,Angular  -->  API Gateway  -->  Vendor & Partner  -->  Workflow & Notification  -->  API Gateway  -->  Angular,Recovery & Business Continuity,User Action,May trigger escalation or reassignment.
74,Service Provider / Contractor,Request Registration / Onboarding,Vendor & Partner,Angular  -->  API Gateway  -->  Vendor & Partner  -->  Document & Audit  -->  Workflow & Notification  -->  API Gateway  -->  Angular,--,User Action,Onboarding request does not make vendor active automatically.
75,Service Provider / Contractor,Login,Customer & Party,Angular  -->  API Gateway  -->  Customer & Party  -->  API Gateway  -->  Angular,--,User Action,Login available only after vendor activation.
76,Service Provider / Contractor,Complete Vendor Profile,Vendor & Partner,Angular  -->  API Gateway  -->  Vendor & Partner  -->  API Gateway  -->  Angular,Document & Audit,User Action,Required vendor information.
77,Service Provider / Contractor,Submit Verification Documents,Document & Audit,Angular  -->  API Gateway  -->  Document & Audit  -->  Vendor & Partner  -->  API Gateway  -->  Angular,Workflow & Notification,User Action,Documents support vendor verification.
78,Service Provider / Contractor,View Assigned Job,Recovery & Business Continuity,Angular  -->  API Gateway  -->  Recovery & Business Continuity  -->  Vendor & Partner  -->  API Gateway  -->  Angular,Claims,User Action,Only assigned jobs are exposed.
79,Service Provider / Contractor,Accept / Decline Assignment,Recovery & Business Continuity,Angular  -->  API Gateway  -->  Recovery & Business Continuity  -->  Vendor & Partner  -->  Workflow & Notification  -->  API Gateway  -->  Angular,--,User Action,Decline should capture a reason where required.
80,Service Provider / Contractor,Schedule Service,Recovery & Business Continuity,Angular  -->  API Gateway  -->  Recovery & Business Continuity  -->  Workflow & Notification  -->  API Gateway  -->  Angular,Vendor & Partner,User Action,Updates planned service date/time.
81,Service Provider / Contractor,Update Recovery Milestone,Recovery & Business Continuity,Angular  -->  API Gateway  -->  Recovery & Business Continuity  -->  Workflow & Notification  -->  API Gateway  -->  Angular,Vendor & Partner,User Action,Updates job progress.
82,Service Provider / Contractor,Upload Repair Evidence,Document & Audit,Angular  -->  API Gateway  -->  Document & Audit  -->  Recovery & Business Continuity  -->  API Gateway  -->  Angular,--,User Action,Evidence linked to recovery job.
83,Service Provider / Contractor,Report Delay / Issue,Recovery & Business Continuity,Angular  -->  API Gateway  -->  Recovery & Business Continuity  -->  Workflow & Notification  -->  Vendor & Partner  -->  API Gateway  -->  Angular,--,User Action,May trigger escalation/reassignment.
84,Service Provider / Contractor,Mark Work Completed,Recovery & Business Continuity,Angular  -->  API Gateway  -->  Recovery & Business Continuity  -->  Document & Audit  -->  Workflow & Notification  -->  API Gateway  -->  Angular,Vendor & Partner,User Action,Completion may require evidence/verification.
85,System Administrator,Login,Customer & Party,Angular  -->  API Gateway  -->  Customer & Party  -->  API Gateway  -->  Angular,--,User Action,Admin account is provisioned securely; no public registration.
86,System Administrator,Create Company User,Customer & Party,Angular  -->  API Gateway  -->  Customer & Party  -->  Workflow & Notification  -->  API Gateway  -->  Angular,Document & Audit,User Action,"Creates Underwriter, Risk Engineer, Claims, or Vendor Manager accounts."
87,System Administrator,Assign Role & Permissions,Customer & Party,Angular  -->  API Gateway  -->  Customer & Party  -->  API Gateway  -->  Angular,Document & Audit,User Action,RBAC configuration.
88,System Administrator,Activate / Deactivate User,Customer & Party,Angular  -->  API Gateway  -->  Customer & Party  -->  Workflow & Notification  -->  API Gateway  -->  Angular,Document & Audit,User Action,Controls account access.
89,System Administrator,Configure Workflow Parameters,Workflow & Notification,Angular  -->  API Gateway  -->  Workflow & Notification  -->  API Gateway  -->  Angular,Document & Audit,User Action,Configures supported workflow rules/thresholds.
90,System Administrator,Manage System Configuration,Workflow & Notification,Angular  -->  API Gateway  -->  Workflow & Notification  -->  API Gateway  -->  Angular,Document & Audit,User Action,Keep scope limited to application-level configuration.
91,System Administrator,Monitor System Health,Analytics & Intelligence,Angular  -->  API Gateway  -->  Analytics & Intelligence  -->  API Gateway  -->  Angular,--,User Action,Application-level operational dashboard; detailed infrastructure monitoring can use Actuator separately.
92,System Administrator,Review Audit Logs,Document & Audit,Angular  -->  API Gateway  -->  Document & Audit  -->  API Gateway  -->  Angular,--,User Action,Access controlled by admin permissions.
93,System Administrator,View Platform Analytics,Analytics & Intelligence,Angular  -->  API Gateway  -->  Analytics & Intelligence  -->  API Gateway  -->  Angular,--,User Action,Platform-level KPIs and operational metrics.