S.No,Service,HTTP Method,Endpoint,Role,Request DTO,Response DTO,Purpose,Internal Service Calls
1,Customer & Party Service,POST,/api/auth/register,Policyholder / Small Business Owner,RegisterPolicyholderRequest,RegisterResponse,Register a small-business policyholder account and create its party profile,Workflow & Notification Service
2,Customer & Party Service,POST,/api/auth/login,Policyholder / Small Business Owner; Underwriter; Risk Engineer; Claims Adjuster; Claims Manager; Vendor Manager; Service Provider / Contractor; System Administrator,LoginRequest,LoginResponse,Authenticate credentials and issue a JWT,None
3,Customer & Party Service,GET,/api/auth/me,Policyholder / Small Business Owner; Underwriter; Risk Engineer; Claims Adjuster; Claims Manager; Vendor Manager; Service Provider / Contractor; System Administrator,None,UserResponse,"Return the currently authenticated user's identity, role and account status",None
4,Customer & Party Service,GET,/api/customers/me,Policyholder / Small Business Owner,None,CustomerResponse,Retrieve the logged-in policyholder's business profile,None
5,Customer & Party Service,PUT,/api/customers/me,Policyholder / Small Business Owner,UpdateCustomerProfileRequest,CustomerResponse,Update the logged-in policyholder's business profile,Document & Audit Service
6,Customer & Party Service,POST,/api/users,System Administrator,CreateEmployeeRequest,UserResponse,Create an internal employee account; employees cannot self-register,Workflow & Notification Service; Document & Audit Service
7,Customer & Party Service,GET,/api/users,System Administrator,None,UserListResponse,List users for administration,None
8,Customer & Party Service,GET,/api/users/{userId},System Administrator,None,UserResponse,View a specific user account,None
9,Customer & Party Service,PUT,/api/users/{userId},System Administrator,UpdateUserRequest,UserResponse,Update an existing user account and role details,Workflow & Notification Service; Document & Audit Service
10,Customer & Party Service,PATCH,/api/users/{userId}/status,System Administrator,UpdateUserStatusRequest,UserResponse,Activate or deactivate a user account,Workflow & Notification Service; Document & Audit Service
11,Customer & Party Service,GET,/api/customers/{customerId},Internal Service,None,CustomerResponse,Provide customer/business identity details to authorized internal services,None
12,Quote & Policy Service,POST,/api/quotes,Policyholder / Small Business Owner,CreateQuoteRequest,QuoteResponse,Create a small-business insurance quote request,Customer & Party Service; Risk & Underwriting Service; Document & Audit Service
13,Quote & Policy Service,GET,/api/quotes,Policyholder / Small Business Owner,None,QuoteListResponse,List the logged-in policyholder's quotes,Customer & Party Service
14,Quote & Policy Service,GET,/api/quotes/{quoteId},Policyholder / Small Business Owner; Underwriter,None,QuoteResponse,View quote details,Customer & Party Service; Risk & Underwriting Service
15,Quote & Policy Service,PUT,/api/quotes/{quoteId},Policyholder / Small Business Owner,UpdateQuoteRequest,QuoteResponse,Update an eligible draft quote,Risk & Underwriting Service; Document & Audit Service
16,Quote & Policy Service,POST,/api/quotes/{quoteId}/submit,Policyholder / Small Business Owner,SubmitQuoteRequest,QuoteResponse,Submit a completed quote for underwriting,Risk & Underwriting Service; Workflow & Notification Service; Document & Audit Service
17,Quote & Policy Service,POST,/api/quotes/{quoteId}/approve,Underwriter,ApproveQuoteRequest,QuoteResponse,Approve an eligible quote after underwriting review,Risk & Underwriting Service; Workflow & Notification Service; Document & Audit Service
18,Quote & Policy Service,POST,/api/quotes/{quoteId}/reject,Underwriter,RejectQuoteRequest,QuoteResponse,Reject a quote with a recorded reason,Risk & Underwriting Service; Workflow & Notification Service; Document & Audit Service
19,Quote & Policy Service,POST,/api/quotes/{quoteId}/issue-policy,Underwriter,IssuePolicyRequest,PolicyResponse,Convert an approved quote into an active policy,Document & Audit Service; Workflow & Notification Service
20,Quote & Policy Service,GET,/api/policies,Policyholder / Small Business Owner; Underwriter; Claims Adjuster; Claims Manager; Risk Engineer,None,PolicyListResponse,List policies permitted for the authenticated role,Customer & Party Service
21,Quote & Policy Service,GET,/api/policies/{policyId},Policyholder / Small Business Owner; Underwriter; Claims Adjuster; Claims Manager; Risk Engineer,None,PolicyResponse,Retrieve policy details,Customer & Party Service; Document & Audit Service
22,Quote & Policy Service,POST,/api/policies/{policyId}/endorsements,Policyholder / Small Business Owner; Underwriter,CreateEndorsementRequest,EndorsementResponse,Request or process a policy change,Risk & Underwriting Service; Workflow & Notification Service; Document & Audit Service
23,Quote & Policy Service,GET,/api/policies/{policyId}/endorsements,Policyholder / Small Business Owner; Underwriter,None,EndorsementListResponse,List policy endorsements,None
24,Quote & Policy Service,POST,/api/policies/{policyId}/cancel,Policyholder / Small Business Owner; Underwriter,CancelPolicyRequest,PolicyResponse,Request or process policy cancellation according to authority,Workflow & Notification Service; Document & Audit Service
25,Quote & Policy Service,POST,/api/policies/{policyId}/renew,Underwriter,RenewPolicyRequest,RenewalResponse,Create a renewal transaction for an expiring policy,Risk & Underwriting Service; Analytics & Intelligence Service; Workflow & Notification Service; Document & Audit Service
26,Quote & Policy Service,GET,/api/policies/{policyId}/coverage,Policyholder / Small Business Owner; Underwriter; Risk Engineer; Claims Adjuster; Claims Manager,None,CoverageResponse,"Retrieve active coverage, limits, deductibles and relevant terms",None
27,Quote & Policy Service,GET,/api/policies/{policyId}/renewal,Policyholder / Small Business Owner; Underwriter,None,RenewalResponse,View renewal status and renewal information,Analytics & Intelligence Service
28,Risk & Underwriting Service,POST,/api/risk-assessments,Risk Engineer,CreateRiskAssessmentRequest,RiskAssessmentResponse,Create a risk assessment for a quote or policy,Customer & Party Service; Quote & Policy Service
29,Risk & Underwriting Service,GET,/api/risk-assessments/{assessmentId},Policyholder / Small Business Owner; Underwriter; Risk Engineer; Claims Manager,None,RiskAssessmentResponse,View an authorized risk assessment,Customer & Party Service; Quote & Policy Service
30,Risk & Underwriting Service,PUT,/api/risk-assessments/{assessmentId},Risk Engineer,UpdateRiskAssessmentRequest,RiskAssessmentResponse,Update risk findings and assessment data,Document & Audit Service
31,Risk & Underwriting Service,POST,/api/risk-assessments/{assessmentId}/submit,Risk Engineer,SubmitRiskAssessmentRequest,RiskAssessmentResponse,Submit assessment findings for underwriting consideration,Workflow & Notification Service; Document & Audit Service
32,Risk & Underwriting Service,GET,/api/risk-assessments,Underwriter; Risk Engineer,RiskAssessmentFilterRequest,RiskAssessmentListResponse,List assessments visible to the authenticated employee,None
33,Risk & Underwriting Service,POST,/api/risk-assessments/{assessmentId}/recommendations,Risk Engineer,CreateRiskRecommendationRequest,RiskRecommendationResponse,Record a loss-prevention recommendation,Workflow & Notification Service; Document & Audit Service
34,Risk & Underwriting Service,GET,/api/risk-assessments/{assessmentId}/recommendations,Policyholder / Small Business Owner; Underwriter; Risk Engineer,None,RiskRecommendationListResponse,View risk-prevention recommendations,None
35,Risk & Underwriting Service,PATCH,/api/risk-recommendations/{recommendationId}/status,Policyholder / Small Business Owner; Risk Engineer,UpdateRecommendationStatusRequest,RiskRecommendationResponse,Record implementation or verification status of a recommendation,Workflow & Notification Service; Document & Audit Service
36,Risk & Underwriting Service,POST,/api/risk-assessments/{assessmentId}/reassess,Risk Engineer,ReassessmentRequest,RiskAssessmentResponse,Perform a follow-up assessment after risk changes,Document & Audit Service; Workflow & Notification Service
37,Risk & Underwriting Service,GET,/api/risk-rules,Underwriter; System Administrator,None,RiskRuleListResponse,List configured underwriting and risk rules,None
38,Risk & Underwriting Service,POST,/api/risk-rules,System Administrator,CreateRiskRuleRequest,RiskRuleResponse,Create a configurable underwriting or risk rule,Document & Audit Service
39,Risk & Underwriting Service,PUT,/api/risk-rules/{ruleId},System Administrator,UpdateRiskRuleRequest,RiskRuleResponse,Update a configurable underwriting or risk rule,Document & Audit Service
40,Risk & Underwriting Service,PATCH,/api/risk-rules/{ruleId}/status,System Administrator,UpdateRiskRuleStatusRequest,RiskRuleResponse,Enable or disable a risk or underwriting rule,Document & Audit Service
41,Claims Service,POST,/api/claims/fnol,Policyholder / Small Business Owner,CreateFNOLRequest,ClaimResponse,Report a first notice of loss,Quote & Policy Service; Customer & Party Service; Document & Audit Service; Workflow & Notification Service
42,Claims Service,GET,/api/claims,Policyholder / Small Business Owner; Claims Adjuster; Claims Manager,ClaimFilterRequest,ClaimListResponse,List claims permitted for the authenticated role,Customer & Party Service
43,Claims Service,GET,/api/claims/{claimId},Policyholder / Small Business Owner; Claims Adjuster; Claims Manager,None,ClaimResponse,View claim details and status,Quote & Policy Service; Document & Audit Service
44,Claims Service,PUT,/api/claims/{claimId},Claims Adjuster,UpdateClaimRequest,ClaimResponse,Update claim information during handling,Document & Audit Service
45,Claims Service,POST,/api/claims/{claimId}/assign,Claims Manager,AssignClaimRequest,ClaimResponse,Assign a claim to an adjuster,Customer & Party Service; Workflow & Notification Service; Document & Audit Service
46,Claims Service,POST,/api/claims/{claimId}/assess,Claims Adjuster,AssessClaimRequest,ClaimAssessmentResponse,Record damage or loss assessment and adjustment findings,Quote & Policy Service; Risk & Underwriting Service; Document & Audit Service
47,Claims Service,POST,/api/claims/{claimId}/calculate-payout,Claims Adjuster,CalculatePayoutRequest,PayoutCalculationResponse,Calculate an indicative claim payout based on coverage and assessment,Quote & Policy Service; Analytics & Intelligence Service
48,Claims Service,POST,/api/claims/{claimId}/approve,Claims Manager,ApproveClaimRequest,ClaimResponse,Approve an eligible claim for settlement,Workflow & Notification Service; Document & Audit Service
49,Claims Service,POST,/api/claims/{claimId}/reject,Claims Manager,RejectClaimRequest,ClaimResponse,Reject a claim with a recorded reason,Workflow & Notification Service; Document & Audit Service
50,Claims Service,PATCH,/api/claims/{claimId}/status,Claims Adjuster; Claims Manager,UpdateClaimStatusRequest,ClaimResponse,Update claim lifecycle status,Workflow & Notification Service; Document & Audit Service
51,Claims Service,POST,/api/claims/{claimId}/business-impact,Policyholder / Small Business Owner,CreateBusinessImpactRequest,BusinessImpactResponse,Report operational and business interruption impact after a loss,Recovery & Business Continuity Service; Document & Audit Service
52,Claims Service,GET,/api/claims/{claimId}/business-impact,Policyholder / Small Business Owner; Claims Adjuster; Claims Manager,None,BusinessImpactResponse,View recorded business impact information,Recovery & Business Continuity Service
53,Claims Service,POST,/api/claims/{claimId}/close,Claims Manager,CloseClaimRequest,ClaimResponse,Close a claim after required settlement and recovery steps,Recovery & Business Continuity Service; Document & Audit Service; Workflow & Notification Service
54,Claims Service,GET,/api/claims/{claimId}/timeline,Policyholder / Small Business Owner; Claims Adjuster; Claims Manager,None,ClaimTimelineResponse,View claim events and status history,Document & Audit Service
55,Vendor & Partner Service,GET,/api/vendors,Vendor Manager; Claims Adjuster; System Administrator,VendorSearchRequest,VendorListResponse,Search and filter eligible service providers,None
56,Vendor & Partner Service,GET,/api/vendors/{vendorId},Vendor Manager; Claims Adjuster; Claims Manager; System Administrator,None,VendorResponse,View vendor profile and status,Document & Audit Service
57,Vendor & Partner Service,POST,/api/vendors/onboarding-requests,Service Provider / Contractor,VendorOnboardingRequest,VendorOnboardingResponse,Submit a contractor or vendor onboarding request,Document & Audit Service; Workflow & Notification Service
58,Vendor & Partner Service,GET,/api/vendors/onboarding-requests,Vendor Manager; System Administrator,None,VendorOnboardingListResponse,List pending vendor onboarding requests,None
59,Vendor & Partner Service,POST,/api/vendors/{vendorId}/verify,Vendor Manager,VerifyVendorRequest,VendorResponse,Verify submitted vendor information and documentation,Document & Audit Service
60,Vendor & Partner Service,PATCH,/api/vendors/{vendorId}/status,Vendor Manager; System Administrator,UpdateVendorStatusRequest,VendorResponse,"Activate, suspend or deactivate a vendor",Workflow & Notification Service; Document & Audit Service
61,Vendor & Partner Service,PUT,/api/vendors/{vendorId},Vendor Manager,UpdateVendorRequest,VendorResponse,Update vendor profile and capabilities,Document & Audit Service
62,Vendor & Partner Service,POST,/api/vendor-assignments,Claims Adjuster; Vendor Manager,CreateVendorAssignmentRequest,VendorAssignmentResponse,Assign an eligible vendor to a claim or recovery job,Workflow & Notification Service; Document & Audit Service
63,Vendor & Partner Service,GET,/api/vendor-assignments,Claims Adjuster; Claims Manager; Vendor Manager; Service Provider / Contractor,VendorAssignmentFilterRequest,VendorAssignmentListResponse,List vendor assignments relevant to the authenticated role,None
64,Vendor & Partner Service,GET,/api/vendor-assignments/{assignmentId},Claims Adjuster; Claims Manager; Vendor Manager; Service Provider / Contractor,None,VendorAssignmentResponse,View assignment details,Document & Audit Service
65,Vendor & Partner Service,POST,/api/vendor-assignments/{assignmentId}/accept,Service Provider / Contractor,AcceptAssignmentRequest,VendorAssignmentResponse,Accept an offered service assignment,Workflow & Notification Service; Document & Audit Service
66,Vendor & Partner Service,POST,/api/vendor-assignments/{assignmentId}/decline,Service Provider / Contractor,DeclineAssignmentRequest,VendorAssignmentResponse,Decline an offered service assignment,Workflow & Notification Service; Document & Audit Service
67,Vendor & Partner Service,PATCH,/api/vendor-assignments/{assignmentId}/status,Service Provider / Contractor; Vendor Manager,UpdateAssignmentStatusRequest,VendorAssignmentResponse,Update work progress or assignment status,Workflow & Notification Service; Document & Audit Service
68,Vendor & Partner Service,POST,/api/vendors/{vendorId}/performance,Vendor Manager,RecordVendorPerformanceRequest,VendorPerformanceResponse,Record vendor performance after completed work,Document & Audit Service; Analytics & Intelligence Service
69,Vendor & Partner Service,GET,/api/vendors/{vendorId}/performance,Vendor Manager; System Administrator,None,VendorPerformanceResponse,View vendor performance history or summary,Analytics & Intelligence Service
70,Recovery & Business Continuity Service,POST,/api/recovery/cases,Internal Service,CreateRecoveryCaseRequest,RecoveryCaseResponse,Create a business recovery case for a loss requiring continuity support,Claims Service; Customer & Party Service; Quote & Policy Service
71,Recovery & Business Continuity Service,GET,/api/recovery/cases,Policyholder / Small Business Owner; Claims Adjuster; Claims Manager,RecoveryCaseFilterRequest,RecoveryCaseListResponse,List recovery cases permitted for the authenticated role,None
72,Recovery & Business Continuity Service,GET,/api/recovery/cases/{recoveryCaseId},Policyholder / Small Business Owner; Claims Adjuster; Claims Manager,None,RecoveryCaseResponse,View recovery case and continuity status,Claims Service; Document & Audit Service
73,Recovery & Business Continuity Service,PUT,/api/recovery/cases/{recoveryCaseId},Claims Adjuster; Claims Manager,UpdateRecoveryCaseRequest,RecoveryCaseResponse,Update recovery case details and priorities,Document & Audit Service; Workflow & Notification Service
74,Recovery & Business Continuity Service,POST,/api/recovery/cases/{recoveryCaseId}/plan,Claims Adjuster; Claims Manager,CreateRecoveryPlanRequest,RecoveryPlanResponse,Create a recovery plan for the affected business,Vendor & Partner Service; Workflow & Notification Service; Document & Audit Service
75,Recovery & Business Continuity Service,GET,/api/recovery/cases/{recoveryCaseId}/plan,Policyholder / Small Business Owner; Claims Adjuster; Claims Manager,None,RecoveryPlanResponse,View the current recovery plan,None
76,Recovery & Business Continuity Service,PATCH,/api/recovery/cases/{recoveryCaseId}/status,Policyholder / Small Business Owner; Claims Adjuster; Claims Manager,UpdateRecoveryStatusRequest,RecoveryCaseResponse,Track recovery progress and continuity status,Workflow & Notification Service; Document & Audit Service
77,Recovery & Business Continuity Service,POST,/api/recovery/cases/{recoveryCaseId}/support-requests,Claims Adjuster; Claims Manager,CreateRecoverySupportRequest,RecoverySupportRequestResponse,"Request recovery support such as repair, temporary workspace or equipment",Vendor & Partner Service; Workflow & Notification Service; Document & Audit Service
78,Recovery & Business Continuity Service,GET,/api/recovery/cases/{recoveryCaseId}/support-requests,Policyholder / Small Business Owner; Claims Adjuster; Claims Manager,None,RecoverySupportRequestListResponse,View recovery support requests and their status,Vendor & Partner Service
79,Recovery & Business Continuity Service,PATCH,/api/recovery/support-requests/{supportRequestId}/status,Claims Adjuster; Claims Manager,UpdateRecoverySupportStatusRequest,RecoverySupportRequestResponse,Update recovery support request status,Vendor & Partner Service; Workflow & Notification Service; Document & Audit Service
80,Recovery & Business Continuity Service,POST,/api/recovery/cases/{recoveryCaseId}/complete,Claims Manager,CompleteRecoveryCaseRequest,RecoveryCaseResponse,Mark a recovery case complete after continuity objectives are met,Workflow & Notification Service; Document & Audit Service
81,Workflow & Notification Service,GET,/api/notifications,Policyholder / Small Business Owner; Underwriter; Risk Engineer; Claims Adjuster; Claims Manager; Vendor Manager; Service Provider / Contractor; System Administrator,None,NotificationListResponse,List in-app notifications for the authenticated user,None
82,Workflow & Notification Service,PATCH,/api/notifications/{notificationId}/read,Policyholder / Small Business Owner; Underwriter; Risk Engineer; Claims Adjuster; Claims Manager; Vendor Manager; Service Provider / Contractor; System Administrator,MarkNotificationReadRequest,NotificationResponse,Mark an in-app notification as read,None
83,Workflow & Notification Service,GET,/api/workflows/{workflowId},Policyholder / Small Business Owner; Underwriter; Risk Engineer; Claims Adjuster; Claims Manager; Vendor Manager; Service Provider / Contractor; System Administrator,None,WorkflowResponse,Retrieve workflow status for an authorized business process,Document & Audit Service
84,Workflow & Notification Service,POST,/api/workflows/{workflowId}/tasks/{taskId}/complete,Underwriter; Risk Engineer; Claims Adjuster; Claims Manager; Vendor Manager,CompleteWorkflowTaskRequest,WorkflowTaskResponse,Complete an assigned workflow task,Document & Audit Service
85,Workflow & Notification Service,GET,/api/tasks,Underwriter; Risk Engineer; Claims Adjuster; Claims Manager; Vendor Manager,TaskFilterRequest,TaskListResponse,List workflow tasks assigned to the authenticated employee,None
86,Workflow & Notification Service,POST,/api/workflows,Internal Service,CreateWorkflowRequest,WorkflowResponse,Create or start a business workflow from a domain event,Document & Audit Service
87,Workflow & Notification Service,POST,/api/notifications,Internal Service,CreateNotificationRequest,NotificationResponse,Create an in-app notification from a service event,None
88,Document & Audit Service,POST,/api/documents,Policyholder / Small Business Owner; Underwriter; Risk Engineer; Claims Adjuster; Claims Manager; Vendor Manager; Service Provider / Contractor; System Administrator,CreateDocumentMetadataRequest,DocumentResponse,Register a document against an authorized business entity,None
89,Document & Audit Service,GET,/api/documents/{documentId},Policyholder / Small Business Owner; Underwriter; Risk Engineer; Claims Adjuster; Claims Manager; Vendor Manager; Service Provider / Contractor; System Administrator,None,DocumentResponse,Retrieve document metadata and access information,None
90,Document & Audit Service,GET,/api/documents/{documentId}/download,Policyholder / Small Business Owner; Underwriter; Risk Engineer; Claims Adjuster; Claims Manager; Vendor Manager; Service Provider / Contractor; System Administrator,None,DocumentDownloadResponse,Retrieve a document for an authorized user,None
91,Document & Audit Service,DELETE,/api/documents/{documentId},Policyholder / Small Business Owner; System Administrator,None,DocumentResponse,Delete an eligible document according to retention rules,None
92,Document & Audit Service,GET,/api/documents,Policyholder / Small Business Owner; Underwriter; Risk Engineer; Claims Adjuster; Claims Manager; Vendor Manager; Service Provider / Contractor; System Administrator,DocumentSearchRequest,DocumentListResponse,Search documents linked to an authorized business entity,None
93,Document & Audit Service,GET,/api/audit-events,System Administrator,AuditEventFilterRequest,AuditEventListResponse,Search audit events for administrative review,None
94,Document & Audit Service,GET,/api/audit-events/{eventId},System Administrator,None,AuditEventResponse,View an individual audit event,None
95,Document & Audit Service,POST,/api/audit-events,Internal Service,CreateAuditEventRequest,AuditEventResponse,Record a business or security audit event,None
96,Analytics & Intelligence Service,POST,/api/analytics/claims/prioritize,Internal Service,ClaimPrioritizationRequest,ClaimPrioritizationResponse,Score and prioritize claims for handling,None
97,Analytics & Intelligence Service,GET,/api/analytics/claims/{claimId}/intelligence,Claims Adjuster; Claims Manager,None,ClaimIntelligenceResponse,Retrieve claim intelligence signals and priority rationale,Claims Service
98,Analytics & Intelligence Service,POST,/api/analytics/risk/score,Internal Service,RiskScoringRequest,RiskScoringResponse,Generate an analytical risk score from supplied risk features,None
99,Analytics & Intelligence Service,GET,/api/analytics/renewals/{policyId},Underwriter,None,RenewalIntelligenceResponse,Provide renewal intelligence for an expiring policy,Quote & Policy Service; Claims Service; Risk & Underwriting Service
100,Analytics & Intelligence Service,GET,/api/analytics/portfolio,Underwriter; Claims Manager; Vendor Manager; System Administrator,AnalyticsFilterRequest,PortfolioAnalyticsResponse,View role-authorized portfolio metrics and trends,Claims Service; Quote & Policy Service; Risk & Underwriting Service; Vendor & Partner Service
101,Analytics & Intelligence Service,GET,/api/analytics/catastrophe,Claims Manager; System Administrator,CatastropheAnalyticsRequest,CatastropheAnalyticsResponse,View multiple-claim and catastrophe impact analytics,Claims Service
102,Analytics & Intelligence Service,GET,/api/analytics/vendors,Vendor Manager; System Administrator,VendorAnalyticsRequest,VendorAnalyticsResponse,View vendor performance and workload analytics,Vendor & Partner Service
103,Analytics & Intelligence Service,GET,/api/analytics/recovery,Claims Manager; System Administrator,RecoveryAnalyticsRequest,RecoveryAnalyticsResponse,"View recovery duration, workload and outcome analytics",Recovery & Business Continuity Service